countryCode,countryOfOrigin,numberOfRefugees,year,gdpPerCapita,incomeGroup
AFG,Afghanistan,2833128,2008,364.6604654,Low income
AGO,Angola,171393,2008,4080.94141,Lower middle income
ALB,Albania,15006,2008,4370.540087,Upper middle income
ARE,United Arab Emirates,256,2008,44498.93423,High income
ARG,Argentina,1047,2008,9020.873098,Upper middle income
ARM,Armenia,16336,2008,4010.857243,Upper middle income
ATG,Antigua and Barbuda,26,2008,16024.34555,High income
AUS,Australia,43,2008,49601.65671,High income
AUT,Austria,14,2008,51708.76575,High income
AZE,Azerbaijan,16319,2008,5574.603802,Upper middle income
BDI,Burundi,281592,2008,198.3529006,Low income
BEL,Belgium,61,2008,48106.89292,High income
BEN,Benin,318,2008,1120.888273,Low income
BFA,Burkina Faso,725,2008,569.7613172,Low income
BGD,Bangladesh,10098,2008,634.9870565,Lower middle income
BGR,Bulgaria,3040,2008,7261.754492,Upper middle income
BHR,Bahrain,80,2008,23066.5099,High income
BHS,Bahamas,15,2008,30627.23863,High income
BIH,Bosnia and Herzegovina,74366,2008,5090.932345,Upper middle income
BLR,Belarus,5384,2008,6377.369732,Upper middle income
BLZ,Belize,20,2008,4460.634144,Upper middle income
BOL,Bolivia (Plurinational State of),454,2008,1715.208922,Lower middle income
BRA,Brazil,1404,2008,8831.023117,Upper middle income
BRB,Barbados,34,2008,17092.31459,High income
BRN,Brunei Darussalam,1,2008,37934.37651,High income
BTN,Bhutan,104965,2008,1828.149232,Lower middle income
BWA,Botswana,26,2008,5713.534983,Upper middle income
CAF,Central African Rep.,125106,2008,464.5614221,Low income
CAN,Canada,101,2008,46594.45095,High income
CHE,Switzerland,32,2008,72487.83471,High income
CHL,Chile,994,2008,10751.47967,High income
CHN,China,175180,2008,3468.304463,Upper middle income
CMR,Cameroon,13870,2008,1371.746708,Lower middle income
COD,Dem. Rep. of the Congo,367995,2008,327.5637218,Low income
COG,Congo,19925,2008,2956.264407,Lower middle income
COL,Colombia,373532,2008,5461.780726,Upper middle income
COM,Comoros,378,2008,1387.594626,Lower middle income
CPV,Cabo Verde,30,2008,3721.250949,Lower middle income
CRI,Costa Rica,354,2008,6859.079022,Upper middle income
CUB,Cuba,7938,2008,5411.271418,Upper middle income
CYP,Cyprus,10,2008,35397.36368,High income
CZE,Czech Rep.,1358,2008,22698.85396,High income
DEU,Germany,166,2008,45427.15168,High income
DJI,Djibouti,650,2008,1223.856861,Lower middle income
DNK,Denmark,11,2008,64322.0635,High income
DOM,Dominican Rep.,318,2008,5087.991118,Upper middle income
DZA,Algeria,9060,2008,4923.540099,Upper middle income
ECU,Ecuador,1066,2008,4249.019262,Upper middle income
EGY,Egypt,6780,2008,2044.527855,Lower middle income
ESP,Spain,27,2008,35366.2596,High income
EST,Estonia,248,2008,18227.12008,High income
ETH,Ethiopia,63878,2008,326.4368267,Low income
FIN,Finland,4,2008,53554.03892,High income
FJI,Fiji,1868,2008,4167.670285,Upper middle income
FRA,France,101,2008,45334.11444,High income
GAB,Gabon,129,2008,10212.81943,Upper middle income
GBR,United Kingdom,185,2008,47286.99849,High income
GEO,Georgia,12598,2008,3324.735879,Upper middle income
GHA,Ghana,13242,2008,1210.622257,Lower middle income
GIN,Guinea,9495,2008,715.0968204,Low income
GMB,Gambia,1352,2008,924.5115164,Low income
GNB,Guinea-Bissau,1065,2008,597.5763927,Low income
GNQ,Equatorial Guinea,384,2008,22942.58345,Upper middle income
GRC,Greece,67,2008,31997.28201,High income
GRD,Grenada,312,2008,7832.423352,Upper middle income
GTM,Guatemala,5934,2008,2794.176832,Upper middle income
GUY,Guyana,708,2008,2566.887085,Upper middle income
HKG,"China, Hong Kong SAR",11,2008,31515.66277,High income
HND,Honduras,1116,2008,1727.827701,Lower middle income
HRV,Croatia,97012,2008,16309.44842,High income
HTI,Haiti,23066,2008,678.8447898,Low income
HUN,Hungary,1614,2008,15753.47328,High income
IDN,Indonesia,19345,2008,2166.854167,Lower middle income
IND,India,19569,2008,998.522339,Lower middle income
IRL,Ireland,7,2008,61262.10056,High income
IRN,Iran (Islamic Rep. of),69061,2008,5630.442995,Upper middle income
IRQ,Iraq,1903519,2008,4636.610978,Upper middle income
ISL,Iceland,7,2008,56409.77346,High income
ISR,Israel,1494,2008,29567.80388,High income
ITA,Italy,62,2008,40778.34274,High income
JAM,Jamaica,826,2008,4917.718398,Upper middle income
JOR,Jordan,1890,2008,3398.151722,Upper middle income
JPN,Japan,185,2008,39339.29757,High income
KAZ,Kazakhstan,4825,2008,8513.564645,Upper middle income
KEN,Kenya,9688,2008,902.0700258,Lower middle income
KGZ,Kyrgyzstan,2517,2008,966.3936272,Lower middle income
KHM,Cambodia,17253,2008,745.6091807,Lower middle income
KNA,Saint Kitts and Nevis,4,2008,16465.05021,High income
KOR,Rep. of Korea,1104,2008,20430.63946,High income
KWT,Kuwait,854,2008,55494.95099,High income
LAO,Lao People's Dem. Rep.,8598,2008,900.3236718,Lower middle income
LBN,Lebanon,12967,2008,6134.13043,Upper middle income
LBR,Liberia,75213,2008,478.3999379,Low income
LBY,Libya,2084,2008,14382.57629,Upper middle income
LCA,Saint Lucia,288,2008,7568.453414,Upper middle income
LKA,Sri Lanka,137752,2008,2037.322103,Upper middle income
LSO,Lesotho,8,2008,884.9626748,Lower middle income
LTU,Lithuania,490,2008,14961.56818,High income
LVA,Latvia,763,2008,16376.99836,High income
MAC,"China, Macao SAR",9,2008,40597.55748,High income
MAR,Morocco,3533,2008,2890.360083,Lower middle income
MDA,Rep. of Moldova,5555,2008,2111.201495,Lower middle income
MDG,Madagascar,277,2008,536.3514821,Low income
MEX,Mexico,6162,2008,10016.5713,Upper middle income
MKD,The former Yugoslav Republic of Macedonia,7521,2008,4793.443669,Upper middle income
MLI,Mali,1758,2008,690.8824398,Low income
MLT,Malta,9,2008,21928.70067,High income
MMR,Myanmar,184413,2008,638.1490599,Lower middle income
MNE,Montenegro,1283,2008,7367.751909,Upper middle income
MNG,Mongolia,1333,2008,2136.563214,Lower middle income
MOZ,Mozambique,208,2008,564.4794877,Low income
MRT,Mauritania,45601,2008,1222.925452,Lower middle income
MUS,Mauritius,24,2008,8030.063005,Upper middle income
MWI,Malawi,106,2008,387.6059753,Low income
MYS,Malaysia,608,2008,8474.586829,Upper middle income
NAM,Namibia,985,2008,4153.247938,Upper middle income
NER,Niger,796,2008,352.7199749,Low income
NGA,Nigeria,14169,2008,2242.871886,Lower middle income
NIC,Nicaragua,1537,2008,1499.258678,Lower middle income
NLD,Netherlands,46,2008,57644.47997,High income
NOR,Norway,4,2008,96944.09561,High income
NPL,Nepal,4189,2008,470.4555473,Low income
NRU,Nauru,3,2008,3972.431102,Upper middle income
NZL,New Zealand,10,2008,31287.94365,High income
OMN,Oman,56,2008,22139.64041,High income
PAK,Pakistan,32403,2008,990.8465996,Lower middle income
PAN,Panama,111,2008,7154.274496,High income
PER,Peru,7339,2008,4220.616969,Upper middle income
PHL,Philippines,1354,2008,1916.296708,Lower middle income
PLW,Palau,1,2008,10587.27545,High income
PNG,Papua New Guinea,46,2008,1672.950783,Lower middle income
POL,Poland,2391,2008,14001.44688,High income
PRT,Portugal,36,2008,24847.54514,High income
PRY,Paraguay,101,2008,4041.583876,Upper middle income
QAT,Qatar,71,2008,80234.47007,High income
ROU,Romania,4756,2008,10435.04398,Upper middle income
RUS,Russian Federation,103061,2008,11635.27424,Upper middle income
RWA,Rwanda,72530,2008,517.0574714,Low income
SAU,Saudi Arabia,712,2008,20078.25779,High income
SDN,Sudan,419248,2008,1304.533051,Lower middle income
SEN,Senegal,16006,2008,1411.929332,Lower middle income
SGP,Singapore,109,2008,40007.46926,High income
SLB,Solomon Islands,52,2008,1208.338618,Lower middle income
SLE,Sierra Leone,32536,2008,408.4807421,Low income
SLV,El Salvador,5151,2008,2933.395675,Lower middle income
SRB,Serbia and Kosovo (S/RES/1244 (1999)),185935,2008,7101.040141,Upper middle income
SUR,Suriname,50,2008,6831.970411,Upper middle income
SVK,Slovakia,331,2008,18677.29271,High income
SVN,Slovenia,52,2008,27483.33695,High income
SWE,Sweden,15,2008,55903.89989,High income
SWZ,Swaziland,32,2008,3137.396111,Lower middle income
TCA,Turks and Caicos Islands,1,2008,27648.34402,High income
TCD,Chad,55105,2008,925.6360843,Low income
TGO,Togo,16750,2008,544.1475234,Low income
THA,Thailand,1815,2008,4379.659877,Upper middle income
TJK,Tajikistan,544,2008,715.8651105,Low income
TKM,Turkmenistan,736,2008,3904.463719,Upper middle income
TLS,Timor-Leste,7,2008,614.4323923,Lower middle income
TON,Tonga,7,2008,3380.613351,Upper middle income
TTO,Trinidad and Tobago,231,2008,21204.10497,High income
TUN,Tunisia,2349,2008,4307.155878,Lower middle income
TUR,Turkey,214378,2008,10854.17225,Upper middle income
TZA,United Rep. of Tanzania,1270,2008,687.3904455,Low income
UGA,Uganda,7548,2008,467.9005703,Low income
UKR,Ukraine,28424,2008,3887.241412,Lower middle income
URY,Uruguay,199,2008,9091.079039,High income
USA,United States of America,2137,2008,48382.55845,High income
UZB,Uzbekistan,6308,2008,1082.286025,Lower middle income
VCT,Saint Vincent and the Grenadines,750,2008,6415.809617,Upper middle income
VNM,Viet Nam,328183,2008,1149.424642,Lower middle income
YEM,Yemen,1777,2008,1229.246843,Low income
ZAF,South Africa,453,2008,5760.805287,Upper middle income
ZMB,Zambia,195,2008,1394.000608,Lower middle income
ZWE,Zimbabwe,16841,2008,356.6933497,Lower middle income
AFG,Afghanistan,2887123,2009,438.0760344,Low income
AGO,Angola,141021,2009,3122.780766,Lower middle income
ALB,Albania,15711,2009,4114.14015,Upper middle income
ARE,United Arab Emirates,414,2009,32024.1816,High income
ARG,Argentina,608,2009,8225.137176,Upper middle income
ARM,Armenia,18000,2009,2994.342544,Upper middle income
ATG,Antigua and Barbuda,28,2009,14113.07726,High income
AUS,Australia,28,2009,42772.35917,High income
AUT,Austria,12,2009,47963.1794,High income
AZE,Azerbaijan,16939,2009,4950.294791,Upper middle income
BDI,Burundi,94239,2009,212.1368804,Low income
BEL,Belgium,71,2009,44583.54481,High income
BEN,Benin,411,2009,1084.3939,Low income
BFA,Burkina Faso,990,2009,552.7455886,Low income
BGD,Bangladesh,10432,2009,702.26441,Lower middle income
BGR,Bulgaria,2745,2009,6969.558557,Upper middle income
BHR,Bahrain,79,2009,19355.90467,High income
BHS,Bahamas,15,2009,28552.19048,High income
BIH,Bosnia and Herzegovina,70018,2009,4714.702495,Upper middle income
BLR,Belarus,5525,2009,5351.355382,Upper middle income
BLZ,Belize,17,2009,4243.433284,Upper middle income
BOL,Bolivia (Plurinational State of),573,2009,1754.211061,Lower middle income
BRA,Brazil,973,2009,8597.915352,Upper middle income
BRB,Barbados,29,2009,15886.13929,High income
BRN,Brunei Darussalam,1,2009,27955.71386,High income
BTN,Bhutan,89070,2009,1819.213402,Lower middle income
BWA,Botswana,30,2009,5255.768461,Upper middle income
CAF,Central African Rep.,159554,2009,474.7054087,Low income
CAN,Canada,99,2009,40773.06153,High income
CHE,Switzerland,18,2009,69927.44229,High income
CHL,Chile,1312,2009,10208.90676,High income
CHN,China,180558,2009,3832.235952,Upper middle income
CMR,Cameroon,14766,2009,1314.706015,Lower middle income
COD,Dem. Rep. of the Congo,455852,2009,298.6196821,Low income
COG,Congo,20544,2009,2314.266025,Lower middle income
COL,Colombia,389753,2009,5195.393376,Upper middle income
COM,Comoros,268,2009,1339.337191,Lower middle income
CPV,Cabo Verde,24,2009,3517.401245,Lower middle income
CRI,Costa Rica,344,2009,6760.477515,Upper middle income
CUB,Cuba,7549,2009,5529.67036,Upper middle income
CYP,Cyprus,11,2009,32109.24251,High income
CZE,Czech Rep.,1067,2009,19741.59763,High income
DEU,Germany,170,2009,41485.90165,High income
DJI,Djibouti,622,2009,1267.312801,Lower middle income
DNK,Denmark,10,2009,58163.27688,High income
DOM,Dominican Rep.,230,2009,5039.407423,Upper middle income
DZA,Algeria,8185,2009,3883.378143,Upper middle income
ECU,Ecuador,1027,2009,4231.615798,Upper middle income
EGY,Egypt,6990,2009,2329.23948,Lower middle income
ESP,Spain,34,2009,32042.47408,High income
EST,Estonia,248,2009,14794.97079,High income
ETH,Ethiopia,62889,2009,380.5690479,Low income
FIN,Finland,6,2009,47293.99283,High income
FJI,Fiji,1892,2009,3362.816555,Upper middle income
FRA,France,87,2009,41575.41875,High income
GAB,Gabon,144,2009,7690.052235,Upper middle income
GBR,United Kingdom,156,2009,38713.13743,High income
GEO,Georgia,15020,2009,2822.66743,Upper middle income
GHA,Ghana,14893,2009,1074.75538,Lower middle income
GIN,Guinea,10920,2009,674.0855502,Low income
GMB,Gambia,1973,2009,833.2804027,Low income
GNB,Guinea-Bissau,1109,2009,557.1716148,Low income
GNQ,Equatorial Guinea,344,2009,16667.93682,Upper middle income
GRC,Greece,62,2009,29710.9703,High income
GRD,Grenada,333,2009,7290.6971,Upper middle income
GTM,Guatemala,5768,2009,2635.716443,Upper middle income
GUY,Guyana,727,2009,2756.819889,Upper middle income
HKG,"China, Hong Kong SAR",12,2009,30697.34038,High income
HND,Honduras,1166,2009,1789.706651,Lower middle income
HRV,Croatia,76478,2009,14555.98765,High income
HTI,Haiti,24116,2009,672.0369979,Low income
HUN,Hungary,1537,2009,13046.48101,High income
IDN,Indonesia,18213,2009,2261.247224,Lower middle income
IND,India,19514,2009,1101.96084,Lower middle income
IRL,Ireland,7,2009,52105.15248,High income
IRN,Iran (Islamic Rep. of),72774,2009,5677.888522,Upper middle income
IRQ,Iraq,1785212,2009,3853.940935,Upper middle income
ISL,Iceland,4,2009,41333.41987,High income
ISR,Israel,1310,2009,27715.63681,High income
ITA,Italy,45,2009,37079.75867,High income
JAM,Jamaica,909,2009,4316.231053,Upper middle income
JOR,Jordan,2129,2009,3504.00246,Upper middle income
JPN,Japan,150,2009,40855.17564,High income
KAZ,Kazakhstan,3744,2009,7165.223175,Upper middle income
KEN,Kenya,9620,2009,905.1317861,Lower middle income
KGZ,Kyrgyzstan,2612,2009,871.2243893,Lower middle income
KHM,Cambodia,17025,2009,738.0547836,Lower middle income
KNA,Saint Kitts and Nevis,4,2009,15783.58418,High income
KOR,Rep. of Korea,573,2009,18291.9196,High income
KWT,Kuwait,938,2009,37561.67267,High income
LAO,Lao People's Dem. Rep.,8398,2009,948.6539323,Lower middle income
LBN,Lebanon,16260,2009,7371.100639,Upper middle income
LBR,Liberia,71599,2009,470.9476196,Low income
LBY,Libya,2202,2009,10275.26656,Upper middle income
LCA,Saint Lucia,314,2009,7425.026672,Upper middle income
LKA,Sri Lanka,145721,2009,2090.401826,Upper middle income
LSO,Lesotho,10,2009,890.9963833,Lower middle income
LTU,Lithuania,501,2009,11837.39103,High income
LVA,Latvia,791,2009,12257.21657,High income
MAC,"China, Macao SAR",9,2009,40796.96183,High income
MAR,Morocco,2286,2009,2866.924199,Lower middle income
MCO,Monaco,1,2009,154762.1994,High income
MDA,Rep. of Moldova,5925,2009,1899.010117,Lower middle income
MDG,Madagascar,274,2009,467.5397379,Low income
MEX,Mexico,6435,2009,8002.972106,Upper middle income
MKD,The former Yugoslav Republic of Macedonia,7926,2009,4544.008835,Upper middle income
MLI,Mali,2926,2009,698.2183825,Low income
MLT,Malta,9,2009,20675.58259,High income
MMR,Myanmar,406669,2009,734.4460067,Lower middle income
MNE,Montenegro,2582,2009,6727.10552,Upper middle income
MNG,Mongolia,1495,2009,1714.360545,Lower middle income
MOZ,Mozambique,136,2009,519.7604047,Low income
MRT,Mauritania,39143,2009,1079.233108,Lower middle income
MUS,Mauritius,23,2009,7318.12641,Upper middle income
MWI,Malawi,130,2009,438.2120429,Low income
MYS,Malaysia,532,2009,7292.494447,Upper middle income
NAM,Namibia,921,2009,4265.258745,Upper middle income
NER,Niger,822,2009,339.1436177,Low income
NGA,Nigeria,15609,2009,1891.33537,Lower middle income
NIC,Nicaragua,1478,2009,1444.372527,Lower middle income
NLD,Netherlands,44,2009,52514.02712,High income
NOR,Norway,4,2009,79977.69708,High income
NPL,Nepal,5108,2009,478.1731816,Low income
NZL,New Zealand,10,2009,28201.23228,High income
OMN,Oman,64,2009,16823.77165,High income
PAK,Pakistan,35132,2009,957.9956808,Lower middle income
PAN,Panama,105,2009,7576.140467,High income
PER,Peru,6271,2009,4196.312793,Upper middle income
PHL,Philippines,993,2009,1821.523941,Lower middle income
PNG,Papua New Guinea,70,2009,1626.312402,Lower middle income
POL,Poland,2059,2009,11527.59323,High income
PRT,Portugal,31,2009,23059.79745,High income
PRY,Paraguay,77,2009,3624.571058,Upper middle income
QAT,Qatar,68,2009,59094.44494,High income
ROU,Romania,4358,2009,8548.118672,Upper middle income
RUS,Russian Federation,109455,2009,8562.813697,Upper middle income
RWA,Rwanda,129109,2009,557.1493973,Low income
SAU,Saudi Arabia,633,2009,16113.14249,High income
SDN,Sudan,368195,2009,1238.180845,Lower middle income
SEN,Senegal,16305,2009,1317.235687,Lower middle income
SGP,Singapore,80,2009,38927.20688,High income
SLB,Solomon Islands,66,2009,1160.301648,Lower middle income
SLE,Sierra Leone,15417,2009,391.2010053,Low income
SLV,El Salvador,5051,2009,2858.47963,Lower middle income
SRB,Serbia and Kosovo (S/RES/1244 (1999)),195626,2009,6169.114195,Upper middle income
SUR,Suriname,45,2009,7408.389111,Upper middle income
SVK,Slovakia,334,2009,16531.67051,High income
SVN,Slovenia,39,2009,24694.23056,High income
SWE,Sweden,19,2009,46793.94416,High income
SWZ,Swaziland,32,2009,3385.842921,Lower middle income
TCA,Turks and Caicos Islands,1,2009,22019.65773,High income
TCD,Chad,55014,2009,800.4642249,Low income
TGO,Togo,18378,2009,538.4419516,Low income
THA,Thailand,502,2009,4213.001541,Upper middle income
TJK,Tajikistan,562,2009,676.1234193,Low income
TKM,Turkmenistan,743,2009,4036.455999,Upper middle income
TLS,Timor-Leste,7,2009,676.6227594,Lower middle income
TON,Tonga,5,2009,3062.533091,Upper middle income
TTO,Trinidad and Tobago,240,2009,14514.14172,High income
TUN,Tunisia,2260,2009,4128.462783,Lower middle income
TUR,Turkey,146387,2009,9038.52015,Upper middle income
TZA,United Rep. of Tanzania,1204,2009,695.2167768,Low income
UGA,Uganda,7554,2009,578.4230564,Low income
UKR,Ukraine,24522,2009,2542.997136,Lower middle income
URY,Uruguay,188,2009,9451.932449,High income
USA,United States of America,2368,2009,47099.98047,High income
UZB,Uzbekistan,6669,2009,1213.265328,Lower middle income
VCT,Saint Vincent and the Grenadines,849,2009,6232.719361,Upper middle income
VNM,Viet Nam,339289,2009,1217.268555,Lower middle income
YEM,Yemen,1934,2009,1116.084594,Low income
ZAF,South Africa,384,2009,5862.79734,Upper middle income
ZMB,Zambia,206,2009,1159.907762,Lower middle income
ZWE,Zimbabwe,22449,2009,771.5987859,Lower middle income
AFG,Afghanistan,3054709,2010,543.3030419,Low income
AGO,Angola,134858,2010,3587.883798,Lower middle income
ALB,Albania,14772,2010,4094.362119,Upper middle income
ARE,United Arab Emirates,424,2010,33893.30351,High income
ARG,Argentina,557,2010,10385.96443,Upper middle income
ARM,Armenia,17547,2010,3218.372707,Upper middle income
ATG,Antigua and Barbuda,30,2010,13049.25705,High income
AUS,Australia,37,2010,52022.1256,High income
AUT,Austria,10,2010,46858.04327,High income
AZE,Azerbaijan,16753,2010,5842.805784,Upper middle income
BDI,Burundi,84064,2010,234.2356469,Low income
BEL,Belgium,83,2010,44141.87814,High income
BEN,Benin,442,2010,1036.533952,Low income
BFA,Burkina Faso,1145,2010,575.4464527,Low income
BGD,Bangladesh,10049,2010,781.1535936,Lower middle income
BGR,Bulgaria,2559,2010,6843.26695,Upper middle income
BHR,Bahrain,87,2010,20722.13729,High income
BHS,Bahamas,17,2010,28443.40766,High income
BIH,Bosnia and Herzegovina,63004,2010,4635.517779,Upper middle income
BLR,Belarus,5743,2010,6029.3968,Upper middle income
BLZ,Belize,23,2010,4270.799647,Upper middle income
BOL,Bolivia (Plurinational State of),590,2010,1955.461557,Lower middle income
BRA,Brazil,994,2010,11286.24302,Upper middle income
BRB,Barbados,32,2010,16056.11684,High income
BRN,Brunei Darussalam,1,2010,35269.55311,High income
BTN,Bhutan,75070,2010,2258.183141,Lower middle income
BWA,Botswana,53,2010,6434.815657,Upper middle income
CAF,Central African Rep.,164905,2010,487.9453833,Low income
CAN,Canada,90,2010,47450.31847,High income
CHE,Switzerland,19,2010,74605.77451,High income
CHL,Chile,1170,2010,12808.03459,High income
CHN,China,184602,2010,4550.453596,Upper middle income
CMR,Cameroon,14963,2010,1285.261726,Lower middle income
COD,Dem. Rep. of the Congo,476693,2010,334.0215726,Low income
COG,Congo,20679,2010,2809.694957,Lower middle income
COL,Colombia,395577,2010,6326.549469,Upper middle income
COM,Comoros,368,2010,1315.214806,Lower middle income
CPV,Cabo Verde,25,2010,3378.25486,Lower middle income
CRI,Costa Rica,352,2010,8141.913127,Upper middle income
CUB,Cuba,7477,2010,5730.354775,Upper middle income
CYM,Cayman Islands,1,2010,73350.78482,High income
CYP,Cyprus,13,2010,31023.63833,High income
CZE,Czech Rep.,817,2010,19808.07109,High income
DEU,Germany,164,2010,41531.9342,High income
DJI,Djibouti,566,2010,1343.26873,Lower middle income
DNK,Denmark,9,2010,58041.39844,High income
DOM,Dominican Rep.,246,2010,5555.390949,Upper middle income
DZA,Algeria,6689,2010,4480.724539,Upper middle income
ECU,Ecuador,852,2010,4633.590358,Upper middle income
EGY,Egypt,6913,2010,2644.817039,Lower middle income
ESP,Spain,42,2010,30502.71971,High income
EST,Estonia,240,2010,14784.38108,High income
ETH,Ethiopia,68848,2010,341.5541149,Low income
FIN,Finland,6,2010,46459.97325,High income
FJI,Fiji,1851,2010,3652.527437,Upper middle income
FRA,France,92,2010,40638.334,High income
GAB,Gabon,165,2010,8840.730664,Upper middle income
GBR,United Kingdom,153,2010,39435.8399,High income
GEO,Georgia,10640,2010,3233.295943,Upper middle income
GHA,Ghana,20203,2010,1298.436952,Lower middle income
GIN,Guinea,11985,2010,672.4244026,Low income
GMB,Gambia,2242,2010,860.6378737,Low income
GNB,Guinea-Bissau,1127,2010,557.6321326,Low income
GNQ,Equatorial Guinea,305,2010,17288.8596,Upper middle income
GRC,Greece,51,2010,26917.75898,High income
GRD,Grenada,345,2010,7257.756622,Upper middle income
GTM,Guatemala,5679,2010,2825.483963,Upper middle income
GUY,Guyana,749,2010,3033.247725,Upper middle income
HKG,"China, Hong Kong SAR",17,2010,32549.99823,High income
HND,Honduras,1302,2010,1904.346465,Lower middle income
HRV,Croatia,65861,2010,13923.63705,High income
HTI,Haiti,25892,2010,665.6274195,Low income
HUN,Hungary,1438,2010,13113.52596,High income
IDN,Indonesia,16892,2010,3122.362815,Lower middle income
IND,India,17769,2010,1357.563719,Lower middle income
IRL,Ireland,8,2010,48715.17686,High income
IRN,Iran (Islamic Rep. of),68791,2010,6603.212269,Upper middle income
IRQ,Iraq,1683579,2010,4657.280426,Upper middle income
ISL,Iceland,4,2010,43024.92384,High income
ISR,Israel,1301,2010,30693.59308,High income
ITA,Italy,50,2010,36000.52012,High income
JAM,Jamaica,1057,2010,4704.054455,Upper middle income
JOR,Jordan,2254,2010,3690.113268,Upper middle income
JPN,Japan,152,2010,44507.67639,High income
KAZ,Kazakhstan,3632,2010,9070.488253,Upper middle income
KEN,Kenya,8602,2010,951.6879611,Lower middle income
KGZ,Kyrgyzstan,2744,2010,880.0377751,Lower middle income
KHM,Cambodia,16314,2010,785.5022829,Lower middle income
KNA,Saint Kitts and Nevis,7,2010,15508.61699,High income
KOR,Rep. of Korea,585,2010,22086.95292,High income
KWT,Kuwait,988,2010,38577.38166,High income
LAO,Lao People's Dem. Rep.,8414,2010,1140.599205,Lower middle income
LBN,Lebanon,15869,2010,7756.744069,Upper middle income
LBR,Liberia,70129,2010,513.4456986,Low income
LBY,Libya,2309,2010,12064.78069,Upper middle income
LCA,Saint Lucia,334,2010,8037.472967,Upper middle income
LKA,Sri Lanka,141074,2010,2799.648876,Upper middle income
LSO,Lesotho,11,2010,1199.951766,Lower middle income
LTU,Lithuania,515,2010,11953.93844,High income
LVA,Latvia,713,2010,11344.69337,High income
MAC,"China, Macao SAR",10,2010,52253.15531,High income
MAR,Morocco,2284,2010,2839.925168,Lower middle income
MCO,Monaco,2,2010,150585.4489,High income
MDA,Rep. of Moldova,6200,2010,2437.530007,Lower middle income
MDG,Madagascar,270,2010,471.9592116,Low income
MEX,Mexico,6816,2010,9271.398233,Upper middle income
MKD,The former Yugoslav Republic of Macedonia,7889,2010,4542.899717,Upper middle income
MLI,Mali,3663,2010,709.5819646,Low income
MLT,Malta,6,2010,21107.36443,High income
MMR,Myanmar,415670,2010,979.05163,Lower middle income
MNE,Montenegro,3246,2010,6682.281158,Upper middle income
MNG,Mongolia,1724,2010,2643.292914,Lower middle income
MOZ,Mozambique,131,2010,471.1816926,Low income
MRT,Mauritania,37733,2010,1241.428756,Lower middle income
MUS,Mauritius,28,2010,8000.376432,Upper middle income
MWI,Malawi,171,2010,478.6685897,Low income
MYS,Malaysia,552,2010,9040.566251,Upper middle income
NAM,Namibia,1017,2010,5324.61704,Upper middle income
NER,Niger,803,2010,347.3430407,Low income
NGA,Nigeria,15642,2010,2292.445156,Lower middle income
NIC,Nicaragua,1431,2010,1503.870423,Lower middle income
NLD,Netherlands,53,2010,50950.03434,High income
NOR,Norway,7,2010,87693.79007,High income
NPL,Nepal,5889,2010,592.4010975,Low income
NZL,New Zealand,15,2010,33692.01083,High income
OMN,Oman,63,2010,19281.16563,High income
PAK,Pakistan,39982,2010,987.409723,Lower middle income
PAN,Panama,100,2010,8082.028459,High income
PER,Peru,5834,2010,5082.354757,Upper middle income
PHL,Philippines,970,2010,2124.05677,Lower middle income
PNG,Papua New Guinea,89,2010,1949.352517,Lower middle income
POL,Poland,1764,2010,12599.53358,High income
PRT,Portugal,30,2010,22498.69086,High income
PRY,Paraguay,86,2010,4355.934939,Upper middle income
QAT,Qatar,112,2010,67403.1603,High income
ROU,Romania,3934,2010,8209.919456,Upper middle income
RUS,Russian Federation,111948,2010,10674.9972,Upper middle income
RWA,Rwanda,115524,2010,582.6941191,Low income
SAU,Saudi Arabia,667,2010,19262.54768,High income
SDN,Sudan,387288,2010,1489.876911,Lower middle income
SEN,Senegal,16267,2010,1278.977754,Lower middle income
SGP,Singapore,76,2010,47236.96023,High income
SLB,Solomon Islands,75,2010,1290.398786,Lower middle income
SLE,Sierra Leone,11275,2010,401.8350014,Low income
SLV,El Salvador,4976,2010,2983.242708,Lower middle income
SRB,Serbia and Kosovo (S/RES/1244 (1999)),183289,2010,5735.422857,Upper middle income
SUR,Suriname,25,2010,8255.796859,Upper middle income
SVK,Slovakia,158,2010,16727.29133,High income
SVN,Slovenia,38,2010,23509.54339,High income
SWE,Sweden,25,2010,52817.44137,High income
SWZ,Swaziland,36,2010,4168.505183,Lower middle income
TCA,Turks and Caicos Islands,1,2010,21028.40814,High income
TCD,Chad,53733,2010,891.6988174,Low income
TGO,Togo,18330,2010,534.0443668,Low income
THA,Thailand,356,2010,5076.342992,Upper middle income
TJK,Tajikistan,577,2010,749.552711,Low income
TKM,Turkmenistan,738,2010,4439.200382,Upper middle income
TLS,Timor-Leste,8,2010,806.4078617,Lower middle income
TON,Tonga,6,2010,3553.220614,Upper middle income
TTO,Trinidad and Tobago,255,2010,16683.35538,High income
TUN,Tunisia,2174,2010,4141.976353,Lower middle income
TUR,Turkey,146794,2010,10672.38925,Upper middle income
TZA,United Rep. of Tanzania,1144,2010,743.4037847,Low income
UGA,Uganda,6441,2010,622.4988457,Low income
UKR,Ukraine,25111,2010,2965.142365,Lower middle income
URY,Uruguay,186,2010,11992.01663,High income
USA,United States of America,3026,2010,48467.51578,High income
UZB,Uzbekistan,8840,2010,1634.312095,Lower middle income
VCT,Saint Vincent and the Grenadines,946,2010,6292.789829,Upper middle income
VNM,Viet Nam,338698,2010,1317.890706,Lower middle income
VUT,Vanuatu,1,2010,2966.857116,Lower middle income
YEM,Yemen,2076,2010,1334.784845,Low income
ZAF,South Africa,380,2010,7328.615629,Upper middle income
ZMB,Zambia,228,2010,1489.45907,Lower middle income
ZWE,Zimbabwe,24089,2010,948.3318545,Lower middle income
AFG,Afghanistan,2664436,2011,591.1623465,Low income
AGO,Angola,128664,2011,4615.468028,Lower middle income
ALB,Albania,13551,2011,4437.178067,Upper middle income
ARE,United Arab Emirates,486,2011,39194.67662,High income
ARG,Argentina,518,2011,12848.8642,Upper middle income
ARM,Armenia,16487,2011,3525.804747,Upper middle income
ATG,Antigua and Barbuda,32,2011,12746.20502,High income
AUS,Australia,39,2011,62517.83375,High income
AUT,Austria,11,2011,51374.95841,High income
AZE,Azerbaijan,16162,2011,7189.691229,Upper middle income
BDI,Burundi,101288,2011,249.5779794,Low income
BEL,Belgium,90,2011,47348.52502,High income
BEN,Benin,461,2011,1130.273132,Low income
BFA,Burkina Faso,1271,2011,666.8401198,Low income
BGD,Bangladesh,10056,2011,861.7584443,Lower middle income
BGR,Bulgaria,2327,2011,7813.806692,Upper middle income
BHR,Bahrain,215,2011,22514.25875,High income
BHS,Bahamas,185,2011,28006.37972,High income
BIH,Bosnia and Herzegovina,58578,2011,5092.551943,Upper middle income
BLR,Belarus,5925,2011,6519.230195,Upper middle income
BLZ,Belize,32,2011,4423.490439,Upper middle income
BOL,Bolivia (Plurinational State of),611,2011,2346.33717,Lower middle income
BRA,Brazil,1045,2011,13245.6125,Upper middle income
BRB,Barbados,45,2011,16459.05801,High income
BRN,Brunei Darussalam,1,2011,47055.84112,High income
BTN,Bhutan,57989,2011,2563.257526,Lower middle income
BWA,Botswana,85,2011,7617.325094,Upper middle income
CAF,Central African Rep.,162862,2011,551.0280576,Low income
CAN,Canada,109,2011,52101.79609,High income
CHE,Switzerland,20,2011,88415.61081,High income
CHL,Chile,1189,2011,14637.24024,High income
CHN,China,190369,2011,5618.132491,Upper middle income
CMR,Cameroon,15163,2011,1403.255638,Lower middle income
COD,Dem. Rep. of the Congo,491481,2011,387.0824654,Low income
COG,Congo,12839,2011,3282.393455,Lower middle income
COL,Colombia,395949,2011,7324.383286,Upper middle income
COM,Comoros,422,2011,1446.068018,Lower middle income
CPV,Cabo Verde,27,2011,3740.389099,Lower middle income
CRI,Costa Rica,331,2011,9121.932518,Upper middle income
CUB,Cuba,7856,2011,6139.71933,Upper middle income
CYM,Cayman Islands,1,2011,72328.41164,High income
CYP,Cyprus,11,2011,32396.38574,High income
CZE,Czech Rep.,763,2011,21717.45794,High income
DEU,Germany,174,2011,46644.77603,High income
DJI,Djibouti,602,2011,1451.54298,Lower middle income
DNK,Denmark,9,2011,61753.64713,High income
DOM,Dominican Rep.,250,2011,5913.434422,Upper middle income
DZA,Algeria,6121,2011,5455.741338,Upper middle income
ECU,Ecuador,909,2011,5200.55579,Upper middle income
EGY,Egypt,7936,2011,2791.954962,Lower middle income
ESP,Spain,43,2011,31636.44631,High income
EST,Estonia,224,2011,17624.04414,High income
ETH,Ethiopia,70610,2011,354.4795758,Low income
FIN,Finland,7,2011,51081.99767,High income
FJI,Fiji,1579,2011,4371.45751,Upper middle income
FRA,France,99,2011,43790.73205,High income
GAB,Gabon,173,2011,10795.50058,Upper middle income
GBR,United Kingdom,150,2011,42038.57225,High income
GEO,Georgia,10112,2011,4021.743306,Upper middle income
GHA,Ghana,20361,2011,1558.482133,Lower middle income
GIN,Guinea,13161,2011,651.1353635,Low income
GMB,Gambia,2583,2011,762.7610541,Low income
GNB,Guinea-Bissau,1123,2011,702.7428804,Low income
GNQ,Equatorial Guinea,258,2011,21641.87052,Upper middle income
GRC,Greece,56,2011,25916.29353,High income
GRD,Grenada,323,2011,7291.058897,Upper middle income
GTM,Guatemala,6088,2011,3187.866203,Upper middle income
GUY,Guyana,771,2011,3425.436441,Upper middle income
HKG,"China, Hong Kong SAR",15,2011,35142.48793,High income
HND,Honduras,1966,2011,2088.3153,Lower middle income
HRV,Croatia,62649,2011,14566.62973,High income
HTI,Haiti,33661,2011,744.2174268,Low income
HUN,Hungary,1238,2011,14150.96673,High income
IDN,Indonesia,16079,2011,3643.043936,Lower middle income
IND,India,16232,2011,1458.103527,Lower middle income
IRL,Ireland,8,2011,51848.90973,High income
IRN,Iran (Islamic Rep. of),72361,2011,7818.057232,Upper middle income
IRQ,Iraq,1428308,2011,6045.495551,Upper middle income
ISL,Iceland,3,2011,47516.87574,High income
ISR,Israel,1335,2011,33669.24647,High income
ITA,Italy,58,2011,38599.06221,High income
JAM,Jamaica,1250,2011,5111.471413,Upper middle income
JOR,Jordan,2250,2011,3816.279258,Upper middle income
JPN,Japan,176,2011,48167.99727,High income
KAZ,Kazakhstan,3500,2011,11634.0019,Upper middle income
KEN,Kenya,8745,2011,971.633329,Lower middle income
KGZ,Kyrgyzstan,3162,2011,1123.883168,Lower middle income
KHM,Cambodia,15205,2011,882.2754926,Lower middle income
KNA,Saint Kitts and Nevis,9,2011,16538.09653,High income
KOR,Rep. of Korea,514,2011,24079.78852,High income
KWT,Kuwait,1120,2011,48618.88229,High income
LAO,Lao People's Dem. Rep.,8088,2011,1378.361365,Lower middle income
LBN,Lebanon,15013,2011,7703.389472,Upper middle income
LBR,Liberia,66780,2011,596.8970811,Low income
LBY,Libya,4384,2011,5554.179164,Upper middle income
LCA,Saint Lucia,433,2011,8227.394082,Upper middle income
LKA,Sri Lanka,136617,2011,3200.833829,Upper middle income
LSO,Lesotho,11,2011,1393.386362,Lower middle income
LTU,Lithuania,528,2011,14338.64351,High income
LVA,Latvia,709,2011,13713.85531,High income
MAC,"China, Macao SAR",10,2011,66644.38534,High income
MAR,Morocco,2312,2011,3046.949136,Lower middle income
MCO,Monaco,4,2011,168785.9408,High income
MDA,Rep. of Moldova,6264,2011,2942.255919,Lower middle income
MDG,Madagascar,289,2011,531.2655054,Low income
MEX,Mexico,7472,2011,10203.42085,Upper middle income
MKD,The former Yugoslav Republic of Macedonia,7684,2011,5063.786986,Upper middle income
MLI,Mali,4295,2011,836.5098094,Low income
MLT,Malta,6,2011,22845.90489,High income
MMR,Myanmar,414626,2011,1176.242453,Lower middle income
MNE,Montenegro,3698,2011,7318.74469,Upper middle income
MNG,Mongolia,1985,2011,3757.558633,Lower middle income
MOZ,Mozambique,155,2011,594.5864667,Low income
MRT,Mauritania,39929,2011,1435.635415,Lower middle income
MUS,Mauritius,42,2011,9197.026972,Upper middle income
MWI,Malawi,222,2011,534.9512647,Low income
MYS,Malaysia,537,2011,10399.37275,Upper middle income
NAM,Namibia,1073,2011,5753.987148,Upper middle income
NER,Niger,819,2011,374.4828645,Low income
NGA,Nigeria,17141,2011,2520.404166,Lower middle income
NIC,Nicaragua,1468,2011,1655.801824,Lower middle income
NLD,Netherlands,64,2011,54159.34661,High income
NOR,Norway,7,2011,100600.5624,High income
NPL,Nepal,6854,2011,699.4293377,Low income
NZL,New Zealand,18,2011,38426.55081,High income
OMN,Oman,60,2011,20896.74698,High income
PAK,Pakistan,35952,2011,1164.976129,Lower middle income
PAN,Panama,100,2011,9358.251475,High income
PER,Peru,5491,2011,5869.32308,Upper middle income
PHL,Philippines,952,2011,2345.327754,Lower middle income
PNG,Papua New Guinea,128,2011,2406.909678,Lower middle income
POL,Poland,1815,2011,13893.50926,High income
PRT,Portugal,28,2011,23186.91313,High income
PRY,Paraguay,91,2011,5322.96376,Upper middle income
QAT,Qatar,95,2011,82409.58033,High income
ROU,Romania,3428,2011,9104.995622,Upper middle income
RUS,Russian Federation,109785,2011,14351.21205,Upper middle income
RWA,Rwanda,106833,2011,645.7483207,Low income
SAU,Saudi Arabia,745,2011,23745.80161,High income
SDN,Sudan,500014,2011,1672.103295,Lower middle income
SEN,Senegal,17722,2011,1371.723353,Lower middle income
SGP,Singapore,67,2011,53890.42873,High income
SLB,Solomon Islands,72,2011,1722.418121,Lower middle income
SLE,Sierra Leone,8002,2011,448.3375255,Low income
SLV,El Salvador,6720,2011,3266.045875,Lower middle income
SRB,Serbia and Kosovo (S/RES/1244 (1999)),161671,2011,6809.159804,Upper middle income
SUR,Suriname,20,2011,8263.172923,Upper middle income
SVK,Slovakia,269,2011,18338.36223,High income
SVN,Slovenia,32,2011,25095.13263,High income
SWE,Sweden,24,2011,60612.87883,High income
SWZ,Swaziland,43,2011,4496.60038,Lower middle income
TCA,Turks and Caicos Islands,14,2011,21835.08314,High income
TCD,Chad,42640,2011,983.4472327,Low income
TGO,Togo,17871,2011,587.0971368,Low income
THA,Thailand,368,2011,5492.115427,Upper middle income
TJK,Tajikistan,612,2011,847.3821018,Low income
TKM,Turkmenistan,726,2011,5649.952278,Upper middle income
TLS,Timor-Leste,8,2011,947.5137304,Lower middle income
TON,Tonga,10,2011,4084.624132,Upper middle income
TTO,Trinidad and Tobago,297,2011,19034.1492,High income
TUN,Tunisia,1952,2011,4264.674946,Lower middle income
TUR,Turkey,139779,2011,11335.51051,Upper middle income
TZA,United Rep. of Tanzania,1163,2011,781.4370143,Low income
UGA,Uganda,5680,2011,602.6846514,Low income
UKR,Ukraine,25379,2011,3569.757027,Lower middle income
URY,Uruguay,184,2011,14236.68119,High income
USA,United States of America,3778,2011,49886.81811,High income
UZB,Uzbekistan,12664,2011,1926.292997,Lower middle income
VCT,Saint Vincent and the Grenadines,1127,2011,6242.193281,Upper middle income
VNM,Viet Nam,337829,2011,1525.115988,Lower middle income
VUT,Vanuatu,1,2011,3264.537017,Lower middle income
YEM,Yemen,2323,2011,1374.621313,Low income
ZAF,South Africa,429,2011,8007.412846,Upper middle income
ZMB,Zambia,240,2011,1672.94983,Lower middle income
ZWE,Zimbabwe,25048,2011,1093.654002,Lower middle income
AFG,Afghanistan,2586152,2012,641.8720338,Low income
AGO,Angola,19258,2012,5100.095808,Lower middle income
ALB,Albania,12568,2012,4247.614279,Upper middle income
ARE,United Arab Emirates,584,2012,40976.49971,High income
ARG,Argentina,447,2012,13082.66433,Upper middle income
ARM,Armenia,15935,2012,3681.857456,Upper middle income
ATG,Antigua and Barbuda,45,2012,13272.44133,High income
AUS,Australia,48,2012,68012.1479,High income
AUT,Austria,12,2012,48567.69529,High income
AZE,Azerbaijan,15537,2012,7496.294648,Upper middle income
BDI,Burundi,73363,2012,252.3589799,Low income
BEL,Belgium,93,2012,44673.11588,High income
BEN,Benin,457,2012,1145.140811,Low income
BFA,Burkina Faso,1460,2012,673.8215984,Low income
BGD,Bangladesh,10161,2012,883.1050005,Lower middle income
BGR,Bulgaria,2147,2012,7378.02473,Upper middle income
BHR,Bahrain,297,2012,23654.37185,High income
BHS,Bahamas,196,2012,29485.62093,High income
BIH,Bosnia and Herzegovina,51822,2012,4778.636088,Upper middle income
BLR,Belarus,6191,2012,6940.159254,Upper middle income
BLZ,Belize,39,2012,4505.62068,Upper middle income
BOL,Bolivia (Plurinational State of),618,2012,2609.880819,Lower middle income
BRA,Brazil,1076,2012,12370.0242,Upper middle income
BRB,Barbados,55,2012,16249.89778,High income
BRN,Brunei Darussalam,1,2012,47741.90647,High income
BTN,Bhutan,41590,2012,2538.945899,Lower middle income
BWA,Botswana,127,2012,7877.79035,Upper middle income
CAF,Central African Rep.,164568,2012,565.8330584,Low income
CAN,Canada,123,2012,52542.34666,High income
CHE,Switzerland,17,2012,83538.21282,High income
CHL,Chile,1152,2012,15351.55133,High income
CHN,China,193453,2012,6316.918863,Upper middle income
CMR,Cameroon,13382,2012,1354.623087,Lower middle income
COD,Dem. Rep. of the Congo,509290,2012,424.6003861,Low income
COG,Congo,12119,2012,3032.667329,Lower middle income
COL,Colombia,394117,2012,8042.529769,Upper middle income
COM,Comoros,454,2012,1403.428519,Lower middle income
CPV,Cabo Verde,25,2012,3447.524041,Lower middle income
CRI,Costa Rica,325,2012,9913.209959,Upper middle income
CUB,Cuba,7731,2012,6497.321113,Upper middle income
CYM,Cayman Islands,1,2012,72783.32044,High income
CYP,Cyprus,11,2012,28912.15694,High income
CZE,Czech Rep.,622,2012,19729.87051,High income
DEU,Germany,182,2012,43858.36306,High income
DJI,Djibouti,640,2012,1559.240651,Lower middle income
DNK,Denmark,9,2012,58507.50805,High income
DOM,Dominican Rep.,289,2012,6110.369521,Upper middle income
DZA,Algeria,5677,2012,5592.326098,Upper middle income
ECU,Ecuador,844,2012,5682.045007,Upper middle income
EGY,Egypt,10020,2012,3232.648892,Lower middle income
ESP,Spain,52,2012,28324.42934,High income
EST,Estonia,456,2012,17534.42154,High income
ETH,Ethiopia,74968,2012,467.0779272,Low income
FIN,Finland,7,2012,47710.79022,High income
FJI,Fiji,1317,2012,4591.555784,Upper middle income
FRA,France,100,2012,40874.70351,High income
GAB,Gabon,183,2012,9814.038992,Upper middle income
GBR,United Kingdom,153,2012,42462.77157,High income
GEO,Georgia,9261,2012,4421.818242,Upper middle income
GHA,Ghana,24298,2012,1613.286837,Lower middle income
GIN,Guinea,14061,2012,717.0507379,Low income
GMB,Gambia,3076,2012,742.7811378,Low income
GNB,Guinea-Bissau,1180,2012,616.4116862,Low income
GNQ,Equatorial Guinea,228,2012,21711.15323,Upper middle income
GRC,Greece,51,2012,22242.68193,High income
GRD,Grenada,316,2012,7444.504768,Upper middle income
GTM,Guatemala,6388,2012,3299.665605,Upper middle income
GUY,Guyana,801,2012,3788.146749,Upper middle income
HKG,"China, Hong Kong SAR",19,2012,36730.8767,High income
HND,Honduras,2613,2012,2144.342611,Lower middle income
HRV,Croatia,62606,2012,13238.11795,High income
HTI,Haiti,38568,2012,769.749381,Low income
HUN,Hungary,1087,2012,12918.24752,High income
IDN,Indonesia,15523,2012,3694.348946,Lower middle income
IND,India,14258,2012,1443.879529,Lower middle income
IRL,Ireland,9,2012,48917.89756,High income
IRN,Iran (Islamic Rep. of),75940,2012,7927.647542,Upper middle income
IRQ,Iraq,746206,2012,6836.027313,Upper middle income
ISL,Iceland,3,2012,45910.0209,High income
ISR,Israel,1340,2012,32511.23785,High income
ITA,Italy,66,2012,35053.52624,High income
JAM,Jamaica,1407,2012,5209.851931,Upper middle income
JOR,Jordan,2368,2012,3877.339345,Upper middle income
JPN,Japan,172,2012,48603.47665,High income
KAZ,Kazakhstan,3571,2012,12386.7,Upper middle income
KEN,Kenya,8950,2012,1136.871406,Lower middle income
KGZ,Kyrgyzstan,3489,2012,1177.974735,Lower middle income
KHM,Cambodia,14024,2012,950.880346,Lower middle income
KNA,Saint Kitts and Nevis,12,2012,16044.557,High income
KOR,Rep. of Korea,558,2012,24358.78218,High income
KWT,Kuwait,1197,2012,51978.99848,High income
LAO,Lao People's Dem. Rep.,7984,2012,1581.395403,Lower middle income
LBN,Lebanon,15106,2012,7985.854941,Upper middle income
LBR,Liberia,23428,2012,657.9362563,Low income
LBY,Libya,5251,2012,13025.28139,Upper middle income
LCA,Saint Lucia,566,2012,8151.992413,Upper middle income
LKA,Sri Lanka,132731,2012,3350.521876,Upper middle income
LSO,Lesotho,13,2012,1328.813074,Lower middle income
LTU,Lithuania,491,2012,14333.94934,High income
LVA,Latvia,662,2012,13847.78511,High income
MAC,"China, Macao SAR",1,2012,76291.84749,High income
MAR,Morocco,2407,2012,2912.658275,Lower middle income
MCO,Monaco,4,2012,157515.8991,High income
MDA,Rep. of Moldova,6148,2012,3045.739874,Lower middle income
MDG,Madagascar,301,2012,518.1528127,Low income
MEX,Mexico,8435,2012,10241.72792,Upper middle income
MKD,The former Yugoslav Republic of Macedonia,7589,2012,4698.141294,Upper middle income
MLI,Mali,149943,2012,778.6694625,Low income
MLT,Malta,6,2012,21926.80837,High income
MMR,Myanmar,415371,2012,1165.794329,Lower middle income
MNE,Montenegro,4054,2012,6586.721279,Upper middle income
MNG,Mongolia,2114,2012,4351.88692,Lower middle income
MOZ,Mozambique,160,2012,657.6453378,Low income
MRT,Mauritania,33765,2012,1411.35283,Lower middle income
MUS,Mauritius,62,2012,9291.227619,Upper middle income
MWI,Malawi,277,2012,391.5618324,Low income
MYS,Malaysia,531,2012,10817.44287,Upper middle income
NAM,Namibia,1098,2012,5930.548473,Upper middle income
NER,Niger,832,2012,390.1199097,Low income
NGA,Nigeria,18021,2012,2746.991789,Lower middle income
NIC,Nicaragua,1531,2012,1760.454387,Lower middle income
NLD,Netherlands,71,2012,50073.00566,High income
NOR,Norway,9,2012,101524.1419,High income
NPL,Nepal,7612,2012,698.4664794,Low income
NZL,New Zealand,20,2012,39970.44004,High income
OMN,Oman,65,2012,21923.54802,High income
PAK,Pakistan,49785,2012,1198.109001,Lower middle income
PAN,Panama,107,2012,10722.28363,High income
PER,Peru,5212,2012,6528.972218,Upper middle income
PHL,Philippines,986,2012,2572.629425,Lower middle income
PNG,Papua New Guinea,174,2012,2790.67667,Lower middle income
POL,Poland,1640,2012,13145.53926,High income
PRT,Portugal,32,2012,20564.88986,High income
PRY,Paraguay,101,2012,5183.082877,Upper middle income
QAT,Qatar,124,2012,85076.14793,High income
ROU,Romania,2807,2012,8535.046876,Upper middle income
RUS,Russian Federation,110588,2012,15434.57478,Upper middle income
RWA,Rwanda,97373,2012,704.1777125,Low income
SAU,Saudi Arabia,818,2012,25243.3587,High income
SDN,Sudan,568943,2012,1882.24677,Lower middle income
SEN,Senegal,18724,2012,1330.057448,Lower middle income
SGP,Singapore,68,2012,55546.48854,High income
SLB,Solomon Islands,61,2012,1913.232013,Lower middle income
SLE,Sierra Leone,6202,2012,566.3786569,Low income
SLV,El Salvador,8171,2012,3428.384736,Lower middle income
SRB,Serbia and Kosovo (S/RES/1244 (1999)),158908,2012,6015.945228,Upper middle income
SUR,Suriname,15,2012,9201.008785,Upper middle income
SVK,Slovakia,239,2012,17460.04681,High income
SVN,Slovenia,34,2012,22643.10025,High income
SWE,Sweden,20,2012,57874.2865,High income
SWZ,Swaziland,65,2012,4527.668982,Lower middle income
TCA,Turks and Caicos Islands,14,2012,21009.88581,High income
TCD,Chad,39694,2012,967.408126,Low income
TGO,Togo,15693,2012,571.8067239,Low income
THA,Thailand,381,2012,5860.58061,Upper middle income
TJK,Tajikistan,674,2012,969.2964731,Low income
TKM,Turkmenistan,723,2012,6675.185658,Upper middle income
TLS,Timor-Leste,9,2012,1013.050451,Lower middle income
TON,Tonga,13,2012,4597.742305,Upper middle income
TTO,Trinidad and Tobago,333,2012,19157.41704,High income
TUN,Tunisia,1935,2012,4152.678587,Lower middle income
TUR,Turkey,135372,2012,11707.25971,Upper middle income
TZA,United Rep. of Tanzania,1122,2012,867.8676806,Low income
UGA,Uganda,5608,2012,668.832462,Low income
UKR,Ukraine,25256,2012,3855.42128,Lower middle income
URY,Uruguay,171,2012,15171.58466,High income
USA,United States of America,4456,2012,51610.60528,High income
UZB,Uzbekistan,11593,2012,2137.025122,Lower middle income
VCT,Saint Vincent and the Grenadines,1316,2012,6390.314389,Upper middle income
VNM,Viet Nam,336939,2012,1735.141276,Lower middle income
VUT,Vanuatu,1,2012,3133.090209,Lower middle income
YEM,Yemen,2594,2012,1446.53628,Low income
ZAF,South Africa,420,2012,7501.469984,Upper middle income
ZMB,Zambia,243,2012,1763.094184,Lower middle income
ZWE,Zimbabwe,22101,2012,1304.969802,Lower middle income
AFG,Afghanistan,2556502,2013,637.1650439,Low income
AGO,Angola,10286,2013,5254.882338,Lower middle income
ALB,Albania,10103,2013,4413.081743,Upper middle income
ARE,United Arab Emirates,90,2013,42412.63028,High income
ARG,Argentina,388,2013,13080.25473,Upper middle income
ARM,Armenia,11998,2013,3838.185801,Upper middle income
ATG,Antigua and Barbuda,49,2013,12909.74418,High income
AUS,Australia,28,2013,68150.10704,High income
AUT,Austria,10,2013,50716.70871,High income
AZE,Azerbaijan,10814,2013,7875.756953,Upper middle income
BDI,Burundi,72647,2013,256.9760028,Low income
BEL,Belgium,78,2013,46744.66254,High income
BEN,Benin,302,2013,1251.210518,Low income
BFA,Burkina Faso,1584,2013,699.7794056,Low income
BGD,Bangladesh,9728,2013,981.8398792,Lower middle income
BGR,Bulgaria,1880,2013,7646.839866,Upper middle income
BHR,Bahrain,275,2013,24744.35763,High income
BHS,Bahamas,210,2013,28768.02989,High income
BIH,Bosnia and Herzegovina,26790,2013,5131.394506,Upper middle income
BLR,Belarus,4397,2013,7978.872615,Upper middle income
BLZ,Belize,40,2013,4568.542051,Upper middle income
BOL,Bolivia (Plurinational State of),601,2013,2908.200085,Lower middle income
BRA,Brazil,985,2013,12300.32488,Upper middle income
BRB,Barbados,67,2013,16452.03696,High income
BRN,Brunei Darussalam,1,2013,44740.08502,High income
BTN,Bhutan,31567,2013,2472.714309,Lower middle income
BWA,Botswana,168,2013,7224.965172,Upper middle income
CAF,Central African Rep.,252867,2013,380.1900917,Low income
CAN,Canada,99,2013,52504.6557,High income
CHE,Switzerland,15,2013,85112.4696,High income
CHL,Chile,596,2013,15842.94081,High income
CHN,China,195133,2013,7050.64592,Upper middle income
CMR,Cameroon,11427,2013,1465.222327,Lower middle income
COD,Dem. Rep. of the Congo,499563,2013,457.9637283,Low income
COG,Congo,11753,2013,3047.064589,Lower middle income
COL,Colombia,396717,2013,8212.667829,Upper middle income
COM,Comoros,513,2013,1504.920859,Lower middle income
CPV,Cabo Verde,28,2013,3615.979041,Lower middle income
CRI,Costa Rica,463,2013,10490.08133,Upper middle income
CUB,Cuba,7460,2013,6837.712892,Upper middle income
CYM,Cayman Islands,6,2013,73515.89532,High income
CYP,Cyprus,10,2013,27729.1927,High income
CZE,Czech Rep.,991,2013,19916.01939,High income
DEU,Germany,175,2013,46285.76407,High income
DJI,Djibouti,762,2013,2312.728803,Lower middle income
DNK,Denmark,10,2013,61191.1937,High income
DOM,Dominican Rep.,306,2013,6238.133097,Upper middle income
DZA,Algeria,3660,2013,5499.581487,Upper middle income
ECU,Ecuador,707,2013,6056.330827,Upper middle income
EGY,Egypt,12810,2013,3264.378787,Lower middle income
ESP,Spain,56,2013,29059.54795,High income
EST,Estonia,352,2013,19174.10073,High income
ETH,Ethiopia,77122,2013,499.5315721,Low income
FIN,Finland,7,2013,49878.04324,High income
FJI,Fiji,1112,2013,4840.693716,Upper middle income
FRA,France,98,2013,42592.93409,High income
GAB,Gabon,176,2013,9680.824339,Upper middle income
GBR,United Kingdom,142,2013,43444.533,High income
GEO,Georgia,6778,2013,4623.729554,Upper middle income
GHA,Ghana,21078,2013,2378.159513,Lower middle income
GIN,Guinea,14561,2013,769.0039433,Low income
GMB,Gambia,3397,2013,700.514972,Low income
GNB,Guinea-Bissau,1223,2013,634.482446,Low income
GNQ,Equatorial Guinea,200,2013,20390.71932,Upper middle income
GRC,Greece,91,2013,21874.8195,High income
GRD,Grenada,330,2013,7789.776381,Upper middle income
GTM,Guatemala,6615,2013,3452.922,Upper middle income
GUY,Guyana,800,2013,3934.865262,Upper middle income
HKG,"China, Hong Kong SAR",25,2013,38403.77771,High income
HND,Honduras,3300,2013,2102.593166,Lower middle income
HRV,Croatia,49756,2013,13642.19778,High income
HTI,Haiti,38659,2013,815.8200152,Low income
HUN,Hungary,1220,2013,13687.2461,High income
IDN,Indonesia,14786,2013,3623.911582,Lower middle income
IND,India,11041,2013,1449.605912,Lower middle income
IRL,Ireland,9,2013,51590.18845,High income
IRN,Iran (Islamic Rep. of),75070,2013,6111.440608,Upper middle income
IRQ,Iraq,401466,2013,7076.554608,Upper middle income
ISL,Iceland,2,2013,49522.23697,High income
ISR,Israel,1041,2013,36309.46883,High income
ITA,Italy,66,2013,35549.9747,High income
JAM,Jamaica,1503,2013,4989.171391,Upper middle income
JOR,Jordan,1632,2013,3998.027473,Upper middle income
JPN,Japan,157,2013,40454.44746,High income
KAZ,Kazakhstan,2123,2013,13890.63177,Upper middle income
KEN,Kenya,8586,2013,1210.388014,Lower middle income
KGZ,Kyrgyzstan,2301,2013,1282.437162,Lower middle income
KHM,Cambodia,13747,2013,1013.420401,Lower middle income
KNA,Saint Kitts and Nevis,15,2013,16685.02661,High income
KOR,Rep. of Korea,500,2013,25890.01867,High income
KWT,Kuwait,977,2013,49388.20939,High income
LAO,Lao People's Dem. Rep.,7745,2013,1825.665113,Lower middle income
LBN,Lebanon,3819,2013,7923.851717,Upper middle income
LBR,Liberia,17558,2013,721.9300554,Low income
LBY,Libya,3314,2013,10363.78949,Upper middle income
LCA,Saint Lucia,710,2013,8358.905169,Upper middle income
LKA,Sri Lanka,123084,2013,3610.289363,Upper middle income
LSO,Lesotho,15,2013,1249.183496,Lower middle income
LTU,Lithuania,220,2013,15705.16399,High income
LUX,Luxembourg,1,2013,113625.1329,High income
LVA,Latvia,233,2013,15043.11756,High income
MAC,"China, Macao SAR",1,2013,89287.45402,High income
MAR,Morocco,1308,2013,3121.681176,Lower middle income
MCO,Monaco,3,2013,177593.3519,High income
MDA,Rep. of Moldova,2207,2013,3322.038408,Lower middle income
MDG,Madagascar,296,2013,541.0660851,Low income
MEX,Mexico,9390,2013,10725.18332,Upper middle income
MKD,The former Yugoslav Republic of Macedonia,1628,2013,5210.67583,Upper middle income
MLI,Mali,152828,2013,805.2596685,Low income
MLT,Malta,6,2013,23838.6144,High income
MMR,Myanmar,479606,2013,1162.33144,Lower middle income
MNE,Montenegro,546,2013,7186.431924,Upper middle income
MNG,Mongolia,2059,2013,4366.075901,Lower middle income
MOZ,Mozambique,56,2013,664.0782118,Low income
MRT,Mauritania,34252,2013,1477.361539,Lower middle income
MUS,Mauritius,81,2013,9637.00265,Upper middle income
MWI,Malawi,326,2013,348.4302696,Low income
MYS,Malaysia,485,2013,10970.12328,Upper middle income
NAM,Namibia,1143,2013,5694.082634,Upper middle income
NER,Niger,683,2013,414.3886131,Low income
NGA,Nigeria,31176,2013,2998.072843,Lower middle income
NIC,Nicaragua,1538,2013,1811.639193,Lower middle income
NLD,Netherlands,64,2013,52184.06185,High income
NOR,Norway,13,2013,102913.4508,High income
NPL,Nepal,8110,2013,715.923743,Low income
NZL,New Zealand,17,2013,42949.14223,High income
OMN,Oman,26,2013,20926.55405,High income
PAK,Pakistan,48686,2013,1208.90431,Lower middle income
PAN,Panama,105,2013,11889.12763,High income
PER,Peru,4768,2013,6756.752769,Upper middle income
PHL,Philippines,724,2013,2749.386636,Lower middle income
PLW,Palau,1,2013,12688.19721,High income
PNG,Papua New Guinea,221,2013,2729.891904,Lower middle income
POL,Poland,1429,2013,13781.06261,High income
PRT,Portugal,32,2013,21647.04181,High income
PRY,Paraguay,95,2013,5926.832863,Upper middle income
QAT,Qatar,17,2013,85050.91097,High income
ROU,Romania,2330,2013,9555.244217,Upper middle income
RUS,Russian Federation,74316,2013,16007.08999,Upper middle income
RWA,Rwanda,83955,2013,704.9803025,Low income
SAU,Saudi Arabia,584,2013,24844.74437,High income
SDN,Sudan,648942,2013,1943.916458,Lower middle income
SEN,Senegal,19822,2013,1375.678754,Lower middle income
SGP,Singapore,65,2013,56967.42579,High income
SLB,Solomon Islands,61,2013,1977.451405,Lower middle income
SLE,Sierra Leone,5311,2013,716.8353047,Low income
SLV,El Salvador,9635,2013,3509.53628,Lower middle income
SRB,Serbia and Kosovo (S/RES/1244 (1999)),48725,2013,6755.073675,Upper middle income
SUR,Suriname,17,2013,9402.233137,Upper middle income
SVK,Slovakia,323,2013,18236.98079,High income
SVN,Slovenia,28,2013,23496.60231,High income
SWE,Sweden,16,2013,60897.36563,High income
SWZ,Swaziland,109,2013,4230.344051,Lower middle income
TCA,Turks and Caicos Islands,15,2013,21328.97901,High income
TCD,Chad,48640,2013,979.5339592,Low income
TGO,Togo,10319,2013,621.3988536,Low income
THA,Thailand,222,2013,6168.264895,Upper middle income
TJK,Tajikistan,662,2013,1048.227293,Low income
TKM,Turkmenistan,519,2013,7304.287132,Upper middle income
TLS,Timor-Leste,10,2013,1210.033296,Lower middle income
TON,Tonga,18,2013,4428.566481,Upper middle income
TTO,Trinidad and Tobago,336,2013,20143.66445,High income
TUN,Tunisia,1363,2013,4222.703245,Lower middle income
TUR,Turkey,66575,2013,12519.39143,Upper middle income
TZA,United Rep. of Tanzania,1040,2013,970.4169384,Low income
UGA,Uganda,8176,2013,689.1548142,Low income
UKR,Ukraine,5163,2013,4029.715504,Lower middle income
URY,Uruguay,147,2013,16973.67421,High income
USA,United States of America,4760,2013,53117.66783,High income
UZB,Uzbekistan,4952,2013,2281.410973,Lower middle income
VCT,Saint Vincent and the Grenadines,1535,2013,6639.607146,Upper middle income
VNM,Viet Nam,314107,2013,1886.671896,Lower middle income
VUT,Vanuatu,1,2013,3124.233078,Lower middle income
YEM,Yemen,2428,2013,1607.152275,Low income
ZAF,South Africa,423,2013,6832.456891,Upper middle income
ZMB,Zambia,232,2013,1878.903489,Lower middle income
ZWE,Zimbabwe,19734,2013,1430.000818,Lower middle income
AFG,Afghanistan,2596270,2014,613.8563329,Low income
AGO,Angola,9484,2014,5408.410496,Lower middle income
ALB,Albania,10158,2014,4578.66672,Upper middle income
ARE,United Arab Emirates,90,2014,43751.83889,High income
ARG,Argentina,318,2014,12334.79825,Upper middle income
ARM,Armenia,11848,2014,3986.231624,Upper middle income
ATG,Antigua and Barbuda,53,2014,13501.58092,High income
AUS,Australia,25,2014,62510.79117,High income
AUT,Austria,10,2014,51717.49594,High income
AZE,Azerbaijan,10515,2014,7891.313147,Upper middle income
BDI,Burundi,72493,2014,274.8579479,Low income
BEL,Belgium,75,2014,47700.54036,High income
BEN,Benin,340,2014,1291.409808,Low income
BFA,Burkina Faso,1857,2014,703.8200556,Low income
BGD,Bangladesh,10883,2014,1118.853663,Lower middle income
BGR,Bulgaria,1648,2014,7864.760672,Upper middle income
BHR,Bahrain,347,2014,24989.38021,High income
BHS,Bahamas,215,2014,29445.03053,High income
BIH,Bosnia and Herzegovina,21888,2014,5329.635045,Upper middle income
BLR,Belarus,4300,2014,8318.51269,Upper middle income
BLZ,Belize,45,2014,4705.610045,Upper middle income
BOL,Bolivia (Plurinational State of),600,2014,3081.878834,Lower middle income
BRA,Brazil,977,2014,12112.58821,Upper middle income
BRB,Barbados,86,2014,16488.52576,High income
BRN,Brunei Darussalam,1,2014,41726.78397,High income
BTN,Bhutan,23642,2014,2652.214588,Lower middle income
BWA,Botswana,237,2014,7780.638385,Upper middle income
CAF,Central African Rep.,412041,2014,423.8841246,Low income
CAN,Canada,95,2014,50835.51118,High income
CHE,Switzerland,19,2014,86605.51739,High income
CHL,Chile,579,2014,14670.99676,High income
CHN,China,210802,2014,7651.366044,Upper middle income
CMR,Cameroon,10766,2014,1540.568182,Lower middle income
COD,Dem. Rep. of the Congo,516771,2014,486.7870819,Low income
COG,Congo,14500,2014,2992.931349,Lower middle income
COL,Colombia,360298,2014,8114.084264,Upper middle income
COM,Comoros,581,2014,1511.816083,Lower middle income
CPV,Cabo Verde,27,2014,3588.674054,Lower middle income
CRI,Costa Rica,417,2014,10547.15186,Upper middle income
CUB,Cuba,7502,2014,7133.342095,Upper middle income
CYM,Cayman Islands,6,2014,74990.43322,High income
CYP,Cyprus,10,2014,27129.62612,High income
CZE,Czech Rep.,1327,2014,19744.55861,High income
DEU,Germany,176,2014,47959.99327,High income
DJI,Djibouti,879,2014,2466.018332,Lower middle income
DNK,Denmark,12,2014,62548.98473,High income
DOM,Dominican Rep.,349,2014,6608.832257,Upper middle income
DZA,Algeria,3524,2014,5493.02559,Upper middle income
ECU,Ecuador,804,2014,6377.09153,Upper middle income
EGY,Egypt,15903,2014,3378.831358,Lower middle income
ESP,Spain,60,2014,29461.55033,High income
EST,Estonia,339,2014,20367.10266,High income
ETH,Ethiopia,86870,2014,566.9264665,Low income
FIN,Finland,7,2014,50260.29986,High income
FJI,Fiji,924,2014,5605.570331,Upper middle income
FRA,France,93,2014,43011.2631,High income
GAB,Gabon,172,2014,9650.574376,Upper middle income
GBR,United Kingdom,141,2014,47425.60768,High income
GEO,Georgia,6681,2014,4739.203565,Upper middle income
GHA,Ghana,22145,2014,1968.858263,Lower middle income
GIN,Guinea,15252,2014,787.2380702,Low income
GMB,Gambia,5136,2014,607.4284041,Low income
GNB,Guinea-Bissau,1307,2014,622.4817167,Low income
GNQ,Equatorial Guinea,174,2014,19394.02999,Upper middle income
GRC,Greece,113,2014,21760.9798,High income
GRD,Grenada,324,2014,8369.886755,Upper middle income
GTM,Guatemala,7483,2014,3687.836951,Upper middle income
GUY,Guyana,700,2014,4031.600662,Upper middle income
HKG,"China, Hong Kong SAR",25,2014,40315.28556,High income
HND,Honduras,4159,2014,2206.051934,Lower middle income
HRV,Croatia,40122,2014,13600.18618,High income
HTI,Haiti,37162,2014,831.8739489,Low income
HUN,Hungary,1267,2014,14246.1098,High income
IDN,Indonesia,14408,2014,3491.624791,Lower middle income
IND,India,10436,2014,1573.881492,Lower middle income
IRL,Ireland,10,2014,55492.98268,High income
IRN,Iran (Islamic Rep. of),82191,2014,5608.602512,Upper middle income
IRQ,Iraq,369954,2014,6818.804621,Upper middle income
ISL,Iceland,1,2014,54242.05468,High income
ISR,Israel,979,2014,37678.88977,High income
ITA,Italy,67,2014,35518.41529,High income
JAM,Jamaica,1692,2014,4833.790318,Upper middle income
JOR,Jordan,1718,2014,4072.765475,Upper middle income
JPN,Japan,262,2014,38109.41211,High income
KAZ,Kazakhstan,2224,2014,12807.26069,Upper middle income
KEN,Kenya,8553,2014,1315.804535,Lower middle income
KGZ,Kyrgyzstan,2451,2014,1279.769783,Lower middle income
KHM,Cambodia,13071,2014,1093.496191,Lower middle income
KNA,Saint Kitts and Nevis,23,2014,18051.89007,High income
KOR,Rep. of Korea,481,2014,27811.36638,High income
KWT,Kuwait,981,2014,44062.4003,High income
LAO,Lao People's Dem. Rep.,7482,2014,1998.335215,Lower middle income
LBN,Lebanon,4273,2014,7712.062848,Upper middle income
LBR,Liberia,13572,2014,721.1827948,Low income
LBY,Libya,4203,2014,6466.91027,Upper middle income
LCA,Saint Lucia,922,2014,8744.291224,Upper middle income
LKA,Sri Lanka,122010,2014,3819.25353,Upper middle income
LSO,Lesotho,17,2014,1276.413,Lower middle income
LTU,Lithuania,183,2014,16534.48198,High income
LUX,Luxembourg,2,2014,118823.6484,High income
LVA,Latvia,213,2014,15740.32675,High income
MAC,"China, Macao SAR",5,2014,93777.1068,High income
MAR,Morocco,1539,2014,3171.699192,Lower middle income
MCO,Monaco,3,2014,189170.8957,High income
MDA,Rep. of Moldova,2233,2014,3328.801449,Lower middle income
MDG,Madagascar,281,2014,530.8612639,Low income
MEX,Mexico,10666,2014,10922.37605,Upper middle income
MKD,The former Yugoslav Republic of Macedonia,1759,2014,5468.480869,Upper middle income
MLI,Mali,139267,2014,847.1503863,Low income
MLT,Malta,5,2014,26012.01531,High income
MMR,Myanmar,479006,2014,1251.820765,Lower middle income
MNE,Montenegro,607,2014,7378.345289,Upper middle income
MNG,Mongolia,2163,2014,4158.525715,Lower middle income
MOZ,Mozambique,58,2014,673.9699555,Low income
MRT,Mauritania,34113,2014,1371.58435,Lower middle income
MUS,Mauritius,94,2014,10153.93822,Upper middle income
MWI,Malawi,361,2014,371.2697496,Low income
MYS,Malaysia,468,2014,11319.07976,Upper middle income
NAM,Namibia,1253,2014,5624.135341,Upper middle income
NER,Niger,739,2014,427.737226,Low income
NGA,Nigeria,90947,2014,3222.693537,Lower middle income
NIC,Nicaragua,1587,2014,1934.069508,Lower middle income
NLD,Netherlands,68,2014,52830.17423,High income
NOR,Norway,13,2014,97019.18275,High income
NPL,Nepal,8563,2014,743.4133813,Low income
NZL,New Zealand,17,2014,44533.78309,High income
OMN,Oman,29,2014,20131.9813,High income
PAK,Pakistan,335961,2014,1251.164104,Lower middle income
PAN,Panama,89,2014,12796.07004,High income
PER,Peru,4343,2014,6672.880255,Upper middle income
PHL,Philippines,670,2014,2831.316667,Lower middle income
PLW,Palau,1,2014,13794.79178,High income
PNG,Papua New Guinea,288,2014,2920.783721,Lower middle income
POL,Poland,1310,2014,14347.91458,High income
PRT,Portugal,31,2014,22074.30076,High income
PRY,Paraguay,94,2014,6102.943233,Upper middle income
QAT,Qatar,21,2014,83858.52838,High income
ROU,Romania,1918,2014,10026.97358,Upper middle income
RUS,Russian Federation,70562,2014,14100.7291,Upper middle income
RWA,Rwanda,79408,2014,723.2819733,Low income
SAU,Saudi Arabia,630,2014,24463.90316,High income
SDN,Sudan,665967,2014,2163.155898,Lower middle income
SEN,Senegal,23118,2014,1394.794743,Lower middle income
SGP,Singapore,59,2014,57562.53079,High income
SLB,Solomon Islands,70,2014,1996.781184,Lower middle income
SLE,Sierra Leone,4993,2014,714.7007124,Low income
SLV,El Salvador,10965,2014,3588.965943,Lower middle income
SRB,Serbia and Kosovo (S/RES/1244 (1999)),45733,2014,6600.056809,Upper middle income
SUR,Suriname,17,2014,9472.0076,Upper middle income
SVK,Slovakia,319,2014,18670.93017,High income
SVN,Slovenia,26,2014,24214.92207,High income
SWE,Sweden,18,2014,59843.51917,High income
SWZ,Swaziland,161,2014,4038.55723,Lower middle income
TCA,Turks and Caicos Islands,15,2014,23296.33691,High income
TCD,Chad,48258,2014,1018.930956,Low income
TGO,Togo,9276,2014,640.9342196,Low income
THA,Thailand,233,2014,5951.883702,Upper middle income
TJK,Tajikistan,725,2014,1104.171689,Low income
TKM,Turkmenistan,484,2014,7962.239098,Upper middle income
TLS,Timor-Leste,13,2014,1232.456832,Lower middle income
TON,Tonga,22,2014,4393.940811,Upper middle income
TTO,Trinidad and Tobago,371,2014,20270.85937,High income
TUN,Tunisia,1485,2014,4305.474165,Lower middle income
TUR,Turkey,63892,2014,12095.85457,Upper middle income
TZA,United Rep. of Tanzania,858,2014,1030.092917,Low income
UGA,Uganda,7191,2014,739.373927,Low income
UKR,Ukraine,237625,2014,3104.658296,Lower middle income
URY,Uruguay,124,2014,16831.97294,High income
USA,United States of America,4987,2014,55047.72556,High income
UZB,Uzbekistan,4795,2014,2492.336643,Lower middle income
VCT,Saint Vincent and the Grenadines,1736,2014,6684.807367,Upper middle income
VNM,Viet Nam,313418,2014,2030.261955,Lower middle income
VUT,Vanuatu,1,2014,3088.258303,Lower middle income
YEM,Yemen,2631,2014,1674.002766,Low income
ZAF,South Africa,424,2014,6433.187277,Upper middle income
ZMB,Zambia,316,2014,1763.056239,Lower middle income
ZWE,Zimbabwe,22492,2014,1434.89934,Lower middle income
AFG,Afghanistan,2666305,2015,578.4663529,Low income
AGO,Angola,11869,2015,4166.979684,Lower middle income
ALB,Albania,10408,2015,3952.829458,Upper middle income
ARE,United Arab Emirates,99,2015,38663.38381,High income
ARG,Argentina,194,2015,13789.06042,Upper middle income
ARM,Armenia,11214,2015,3607.296697,Upper middle income
ATG,Antigua and Barbuda,56,2015,14286.09316,High income
AUS,Australia,20,2015,56755.72171,High income
AUT,Austria,4,2015,44178.04738,High income
AZE,Azerbaijan,9710,2015,5500.320497,Upper middle income
BDI,Burundi,292764,2015,305.5497728,Low income
BEL,Belgium,65,2015,40991.80814,High income
BEN,Benin,412,2015,1076.797716,Low income
BFA,Burkina Faso,2148,2015,575.3144542,Low income
BGD,Bangladesh,12173,2015,1248.453398,Lower middle income
BGR,Bulgaria,1269,2015,6993.783483,Upper middle income
BHR,Bahrain,421,2015,22688.96379,High income
BHS,Bahamas,215,2015,31405.96356,High income
BIH,Bosnia and Herzegovina,18769,2015,4727.277381,Upper middle income
BLR,Belarus,4125,2015,5949.106307,Upper middle income
BLZ,Belize,51,2015,4775.915077,Upper middle income
BOL,Bolivia (Plurinational State of),571,2015,3035.972215,Lower middle income
BRA,Brazil,895,2015,8814.000987,Upper middle income
BRB,Barbados,99,2015,16561.87352,High income
BTN,Bhutan,17720,2015,2752.664208,Lower middle income
BWA,Botswana,308,2015,6799.875234,Upper middle income
CAF,Central African Rep.,471105,2015,377.2712538,Low income
CAN,Canada,80,2015,43495.05439,High income
CHE,Switzerland,17,2015,82081.60921,High income
CHL,Chile,561,2015,13574.17183,High income
CHN,China,212912,2015,8033.388043,Upper middle income
CMR,Cameroon,10586,2015,1326.969277,Lower middle income
COD,Dem. Rep. of the Congo,541496,2015,497.3169608,Low income
COG,Congo,14781,2015,1761.32357,Lower middle income
COL,Colombia,340127,2015,6175.87603,Upper middle income
COM,Comoros,551,2015,1242.102885,Lower middle income
CPV,Cabo Verde,28,2015,3043.013984,Lower middle income
CRI,Costa Rica,379,2015,11299.13554,Upper middle income
CUB,Cuba,6833,2015,7694.01192,Upper middle income
CYM,Cayman Islands,6,2015,76280.48625,High income
CYP,Cyprus,4,2015,23333.71491,High income
CZE,Czech Rep.,1285,2015,17715.61685,High income
DEU,Germany,161,2015,41139.54457,High income
DJI,Djibouti,1069,2015,2675.605374,Lower middle income
DNK,Denmark,9,2015,53254.856,High income
DOM,Dominican Rep.,382,2015,6921.517371,Upper middle income
DZA,Algeria,3490,2015,4177.867517,Upper middle income
ECU,Ecuador,1009,2015,6124.491643,Upper middle income
EGY,Egypt,17926,2015,3598.970948,Lower middle income
ESP,Spain,59,2015,25732.01836,High income
EST,Estonia,318,2015,17522.23019,High income
ETH,Ethiopia,85839,2015,640.5418913,Low income
FIN,Finland,8,2015,42811.21299,High income
FJI,Fiji,883,2015,5390.745237,Upper middle income
FRA,France,94,2015,36638.18493,High income
GAB,Gabon,177,2015,7381.746749,Upper middle income
GBR,United Kingdom,131,2015,44974.83188,High income
GEO,Georgia,6493,2015,4014.185944,Upper middle income
GHA,Ghana,22978,2015,1766.005701,Lower middle income
GIN,Guinea,17005,2015,769.2560137,Low income
GMB,Gambia,8492,2015,660.7235712,Low income
GNB,Guinea-Bissau,1471,2015,603.1585129,Low income
GNQ,Equatorial Guinea,154,2015,11283.46561,Upper middle income
GRC,Greece,112,2015,18167.77372,High income
GRD,Grenada,270,2015,9096.870646,Upper middle income
GTM,Guatemala,10284,2015,3923.573344,Upper middle income
GUY,Guyana,511,2015,4166.128516,Upper middle income
HKG,"China, Hong Kong SAR",33,2015,42431.88828,High income
HND,Honduras,6851,2015,2302.201379,Lower middle income
HRV,Croatia,33451,2015,11782.90255,High income
HTI,Haiti,34774,2015,815.7282844,Low income
HUN,Hungary,1443,2015,12651.56834,High income
IDN,Indonesia,13956,2015,3331.695128,Lower middle income
IND,India,9881,2015,1605.605431,Lower middle income
IRL,Ireland,9,2015,61995.42278,High income
IRN,Iran (Islamic Rep. of),84950,2015,4916.085938,Upper middle income
IRQ,Iraq,264094,2015,4989.803075,Upper middle income
ISR,Israel,802,2015,35776.79517,High income
ITA,Italy,70,2015,30230.2263,High income
JAM,Jamaica,1868,2015,4907.50372,Upper middle income
JOR,Jordan,1841,2015,4105.448961,Upper middle income
JPN,Japan,145,2015,34524.46986,High income
KAZ,Kazakhstan,2267,2015,10510.77189,Upper middle income
KEN,Kenya,7906,2015,1336.883349,Lower middle income
KGZ,Kyrgyzstan,2502,2015,1121.082835,Lower middle income
KHM,Cambodia,12803,2015,1162.90492,Lower middle income
KNA,Saint Kitts and Nevis,28,2015,18029.32554,High income
KOR,Rep. of Korea,353,2015,27105.07623,High income
KWT,Kuwait,1085,2015,29869.52939,High income
LAO,Lao People's Dem. Rep.,7363,2015,2134.711796,Lower middle income
LBN,Lebanon,4369,2015,7649.832611,Upper middle income
LBR,Liberia,9991,2015,710.3838577,Low income
LBY,Libya,6090,2015,4337.919139,Upper middle income
LCA,Saint Lucia,1011,2015,9262.256115,Upper middle income
LKA,Sri Lanka,121443,2015,3843.780672,Upper middle income
LSO,Lesotho,17,2015,1112.081441,Lower middle income
LTU,Lithuania,144,2015,14249.11497,High income
LUX,Luxembourg,2,2015,101376.4966,High income
LVA,Latvia,193,2015,13698.93795,High income
MAC,"China, Macao SAR",5,2015,75340.98698,High income
MAR,Morocco,1786,2015,2875.257985,Lower middle income
MCO,Monaco,3,2015,165937.8653,High income
MDA,Rep. of Moldova,2289,2015,2732.457113,Lower middle income
MDG,Madagascar,286,2015,467.2352774,Low income
MEX,Mexico,11333,2015,9605.952351,Upper middle income
MKD,The former Yugoslav Republic of Macedonia,1777,2015,4840.273123,Upper middle income
MLI,Mali,154213,2015,751.1705935,Low income
MLT,Malta,1,2015,24077.01082,High income
MMR,Myanmar,451805,2015,1133.002816,Lower middle income
MNE,Montenegro,651,2015,6514.272695,Upper middle income
MNG,Mongolia,2199,2015,3918.579174,Lower middle income
MOZ,Mozambique,57,2015,589.8590281,Low income
MRT,Mauritania,34660,2015,1193.400596,Lower middle income
MUS,Mauritius,103,2015,9260.447303,Upper middle income
MWI,Malawi,426,2015,380.5970331,Low income
MYS,Malaysia,439,2015,9955.242127,Upper middle income
NAM,Namibia,1277,2015,5032.889762,Upper middle income
NER,Niger,1390,2015,360.8533841,Low income
NGA,Nigeria,167989,2015,2730.430324,Lower middle income
NIC,Nicaragua,1476,2015,2049.84969,Lower middle income
NLD,Netherlands,69,2015,45175.23189,High income
NOR,Norway,12,2015,74355.51586,High income
NPL,Nepal,9063,2015,792.5528906,Low income
NZL,New Zealand,19,2015,38559.54704,High income
OMN,Oman,37,2015,16150.88726,High income
PAK,Pakistan,297899,2015,1356.667756,Lower middle income
PAN,Panama,69,2015,13630.30797,High income
PER,Peru,3599,2015,6229.101696,Upper middle income
PHL,Philippines,593,2015,2867.15199,Lower middle income
PLW,Palau,2,2015,15871.84263,High income
PNG,Papua New Guinea,339,2015,2679.345589,Lower middle income
POL,Poland,1297,2015,12572.30788,High income
PRT,Portugal,28,2015,19242.36647,High income
PRY,Paraguay,91,2015,5406.703857,Upper middle income
QAT,Qatar,20,2015,63039.01655,High income
ROU,Romania,1735,2015,8977.437382,Upper middle income
RUS,Russian Federation,67020,2015,9313.787542,Upper middle income
RWA,Rwanda,286366,2015,728.0818794,Low income
SAU,Saudi Arabia,701,2015,20627.93278,High income
SDN,Sudan,627087,2015,2486.745659,Lower middle income
SEN,Senegal,21280,2015,1218.764246,Lower middle income
SGP,Singapore,55,2015,55646.61875,High income
SLB,Solomon Islands,71,2015,1914.46793,Lower middle income
SLE,Sierra Leone,4904,2015,588.2284527,Low income
SLV,El Salvador,14778,2015,3705.540002,Lower middle income
SRB,Serbia and Kosovo (S/RES/1244 (1999)),38628,2015,5585.117938,Upper middle income
SUR,Suriname,19,2015,8561.974179,Upper middle income
SVK,Slovakia,326,2015,16309.07324,High income
SVN,Slovenia,23,2015,20881.76677,High income
SWE,Sweden,16,2015,51397.19176,High income
SWZ,Swaziland,220,2015,3689.518704,Lower middle income
TCA,Turks and Caicos Islands,14,2015,24832.59637,High income
TCD,Chad,14940,2015,775.7075235,Low income
TGO,Togo,8785,2015,570.910279,Low income
THA,Thailand,222,2015,5840.046948,Upper middle income
TJK,Tajikistan,794,2015,929.0958572,Low income
TKM,Turkmenistan,455,2015,6432.680702,Upper middle income
TLS,Timor-Leste,20,2015,1334.661956,Lower middle income
TON,Tonga,24,2015,4320.63799,Upper middle income
TTO,Trinidad and Tobago,369,2015,18289.70434,High income
TUN,Tunisia,1567,2015,3861.688531,Lower middle income
TUR,Turkey,59558,2015,10948.72461,Upper middle income
TZA,United Rep. of Tanzania,820,2015,947.9334465,Low income
UGA,Uganda,6316,2015,709.0210386,Low income
UKR,Ukraine,321418,2015,2124.662666,Lower middle income
URY,Uruguay,91,2015,15613.76427,High income
USA,United States of America,4832,2015,56822.51882,High income
UZB,Uzbekistan,4206,2015,2615.025134,Lower middle income
VCT,Saint Vincent and the Grenadines,1823,2015,6920.878074,Upper middle income
VNM,Viet Nam,313155,2015,2085.101484,Lower middle income
VUT,Vanuatu,1,2015,2801.939848,Lower middle income
YEM,Yemen,15897,2015,1608.744312,Low income
ZAF,South Africa,450,2015,5734.633629,Upper middle income
ZMB,Zambia,344,2015,1337.796315,Lower middle income
ZWE,Zimbabwe,21344,2015,1445.071062,Lower middle income
AFG,Afghanistan,2501445,2016,547.2281102,Low income
AGO,Angola,8404,2016,3506.072885,Lower middle income
ALB,Albania,11065,2016,4124.108907,Upper middle income
ARE,United Arab Emirates,112,2016,38141.84676,High income
ARG,Argentina,128,2016,12790.24247,Upper middle income
ARM,Armenia,10719,2016,3591.829276,Upper middle income
ATG,Antigua and Barbuda,83,2016,15197.61746,High income
AUS,Australia,14,2016,49971.13146,High income
AUT,Austria,6,2016,45237.80509,High income
AZE,Azerbaijan,10112,2016,3880.738731,Upper middle income
BDI,Burundi,408085,2016,282.1931304,Low income
BEL,Belgium,45,2016,42012.0999,High income
BEN,Benin,489,2016,1087.287832,Low income
BFA,Burkina Faso,2357,2016,582.7954443,Low income
BGD,Bangladesh,13850,2016,1401.620628,Lower middle income
BGR,Bulgaria,805,2016,7469.455638,Upper middle income
BHR,Bahrain,462,2016,22619.11667,High income
BHS,Bahamas,299,2016,31588.835,High income
BIH,Bosnia and Herzegovina,18199,2016,4994.68314,Upper middle income
BLR,Belarus,3840,2016,5022.626643,Upper middle income
BLZ,Belize,57,2016,4818.404394,Upper middle income
BOL,Bolivia (Plurinational State of),537,2016,3076.658949,Lower middle income
BRA,Brazil,809,2016,8710.09669,Upper middle income
BRB,Barbados,148,2016,16936.90604,High income
BRN,Brunei Darussalam,1,2016,27157.82341,High income
BTN,Bhutan,11757,2016,2930.562988,Lower middle income
BWA,Botswana,272,2016,7243.852997,Upper middle income
CAF,Central African Rep.,490892,2016,401.9182384,Low income
CAN,Canada,84,2016,42279.90082,High income
CHE,Switzerland,6,2016,80172.1933,High income
CHL,Chile,498,2016,13748.08766,High income
CHN,China,207772,2016,8078.790474,Upper middle income
CMR,Cameroon,10374,2016,1363.403851,Lower middle income
COD,Dem. Rep. of the Congo,537473,2016,471.3188404,Low income
COG,Congo,13302,2016,1814.063418,Lower middle income
COL,Colombia,311062,2016,5871.223524,Upper middle income
COM,Comoros,576,2016,1272.193943,Lower middle income
CPV,Cabo Verde,13,2016,3130.982229,Lower middle income
CRI,Costa Rica,208,2016,11666.45591,Upper middle income
CUB,Cuba,5948,2016,8060.795886,Upper middle income
CYM,Cayman Islands,7,2016,78296.09993,High income
CYP,Cyprus,2,2016,24532.51906,High income
CZE,Czech Rep.,1271,2016,18463.38658,High income
DEU,Germany,74,2016,42098.92045,High income
DJI,Djibouti,1440,2016,2818.376856,Lower middle income
DNK,Denmark,2,2016,54663.99837,High income
DOM,Dominican Rep.,361,2016,7280.873164,Upper middle income
DZA,Algeria,3726,2016,3946.421445,Upper middle income
ECU,Ecuador,1046,2016,6060.093329,Upper middle income
EGY,Egypt,19796,2016,3525.020165,Lower middle income
ESP,Spain,35,2016,26505.34322,High income
EST,Estonia,305,2016,18237.29584,High income
ETH,Ethiopia,83966,2016,717.1245929,Low income
FIN,Finland,4,2016,43777.44009,High income
FJI,Fiji,792,2016,5651.318055,Upper middle income
FRA,France,54,2016,37038.95513,High income
GAB,Gabon,171,2016,6979.709196,Upper middle income
GBR,United Kingdom,81,2016,41064.13343,High income
GEO,Georgia,6403,2016,4062.169888,Upper middle income
GHA,Ghana,15541,2016,1931.38947,Lower middle income
GIN,Guinea,17548,2016,732.9621726,Low income
GMB,Gambia,11600,2016,682.7180203,Low income
GNB,Guinea-Bissau,1653,2016,661.0076549,Low income
GNQ,Equatorial Guinea,142,2016,9250.331953,Upper middle income
GRC,Greece,105,2016,18116.45962,High income
GRD,Grenada,101,2016,9628.347487,Upper middle income
GTM,Guatemala,12554,2016,4140.589826,Upper middle income
GUY,Guyana,272,2016,4542.622067,Upper middle income
HKG,"China, Hong Kong SAR",12,2016,43734.24999,High income
HND,Honduras,10507,2016,2342.584651,Lower middle income
HRV,Croatia,26230,2016,12360.47326,High income
HTI,Haiti,29684,2016,735.3017703,Low income
HUN,Hungary,2909,2016,12992.37567,High income
IDN,Indonesia,13064,2016,3562.845756,Lower middle income
IND,India,7291,2016,1729.268021,Lower middle income
IRL,Ireland,5,2016,63197.08237,High income
IRN,Iran (Islamic Rep. of),94094,2016,5265.906635,Upper middle income
IRQ,Iraq,316030,2016,4776.726499,Upper middle income
ISR,Israel,495,2016,37321.62404,High income
ITA,Italy,51,2016,30936.12544,High income
JAM,Jamaica,2005,2016,4843.338474,Upper middle income
JOR,Jordan,1933,2016,4103.7336,Upper middle income
JPN,Japan,59,2016,38794.33094,High income
KAZ,Kazakhstan,2364,2016,7714.841844,Upper middle income
KEN,Kenya,7535,2016,1410.527571,Lower middle income
KGZ,Kyrgyzstan,2573,2016,1120.666513,Lower middle income
KHM,Cambodia,12429,2016,1278.631062,Lower middle income
KNA,Saint Kitts and Nevis,49,2016,18811.94512,High income
KOR,Rep. of Korea,250,2016,27623.28869,High income
KWT,Kuwait,1021,2016,27653.1644,High income
LAO,Lao People's Dem. Rep.,7232,2016,2308.800482,Lower middle income
LBN,Lebanon,4740,2016,7634.946544,Upper middle income
LBR,Liberia,6573,2016,714.6233922,Low income
LBY,Libya,8836,2016,4035.194316,Upper middle income
LCA,Saint Lucia,994,2016,9452.055364,Upper middle income
LKA,Sri Lanka,117479,2016,3886.291502,Upper middle income
LSO,Lesotho,12,2016,1115.336075,Lower middle income
LTU,Lithuania,73,2016,14999.47964,High income
LUX,Luxembourg,2,2016,104278.391,High income
LVA,Latvia,172,2016,14153.41492,High income
MAC,"China, Macao SAR",4,2016,74061.08603,High income
MAR,Morocco,2262,2016,2896.720003,Lower middle income
MCO,Monaco,3,2016,169915.8048,High income
MDA,Rep. of Moldova,2318,2016,2880.439281,Lower middle income
MDG,Madagascar,297,2016,475.9553656,Low income
MEX,Mexico,10385,2016,8739.756043,Upper middle income
MKD,The former Yugoslav Republic of Macedonia,1738,2016,5129.15896,Upper middle income
MLI,Mali,156428,2016,779.874933,Low income
MMR,Myanmar,490289,2016,1192.495338,Lower middle income
MNE,Montenegro,718,2016,7028.936577,Upper middle income
MNG,Mongolia,2285,2016,3660.150746,Lower middle income
MOZ,Mozambique,50,2016,428.926488,Low income
MRT,Mauritania,36266,2016,1123.888166,Lower middle income
MUS,Mauritius,111,2016,9681.618567,Upper middle income
MWI,Malawi,427,2016,315.7773264,Low income
MYS,Malaysia,456,2016,9817.740861,Upper middle income
NAM,Namibia,1366,2016,4786.235303,Upper middle income
NER,Niger,1235,2016,362.1311323,Low income
NGA,Nigeria,229311,2016,2175.99967,Lower middle income
NIC,Nicaragua,1419,2016,2107.56718,Lower middle income
NLD,Netherlands,37,2016,46007.85292,High income
NOR,Norway,10,2016,70460.56053,High income
NPL,Nepal,8377,2016,777.1475955,Low income
NZL,New Zealand,28,2016,40026.8522,High income
OMN,Oman,38,2016,14721.64733,High income
PAK,Pakistan,105428,2016,1368.454326,Lower middle income
PAN,Panama,40,2016,14356.32405,High income
PER,Peru,2609,2016,6204.99726,Upper middle income
PHL,Philippines,434,2016,2941.21204,Lower middle income
PLW,Palau,2,2016,16932.33286,High income
PNG,Papua New Guinea,399,2016,2509.631457,Lower middle income
POL,Poland,1159,2016,12431.57542,High income
PRT,Portugal,19,2016,19978.40121,High income
PRY,Paraguay,71,2016,5319.410218,Upper middle income
QAT,Qatar,29,2016,57163.06099,High income
ROU,Romania,1199,2016,9567.031743,Upper middle income
RUS,Russian Federation,62759,2016,8745.375117,Upper middle income
RWA,Rwanda,286073,2016,726.3479745,Low income
SAU,Saudi Arabia,936,2016,19879.29753,High income
SDN,Sudan,650640,2016,2398.10188,Lower middle income
SEN,Senegal,23061,2016,1269.040407,Lower middle income
SGP,Singapore,41,2016,56724.17039,High income
SLB,Solomon Islands,69,2016,1986.416229,Lower middle income
SLE,Sierra Leone,4679,2016,501.4157129,Low income
SLV,El Salvador,19614,2016,3800.103302,Lower middle income
SRB,Serbia and Kosovo (S/RES/1244 (1999)),36933,2016,5756.381194,Upper middle income
SUR,Suriname,18,2016,5604.722569,Upper middle income
SVK,Slovakia,794,2016,16505.99806,High income
SVN,Slovenia,21,2016,21622.58068,High income
SWE,Sweden,15,2016,51974.19656,High income
SWZ,Swaziland,229,2016,3447.695698,Lower middle income
TCA,Turks and Caicos Islands,16,2016,25995.17246,High income
TCD,Chad,14193,2016,692.9785958,Low income
TGO,Togo,8310,2016,597.4710888,Low income
THA,Thailand,158,2016,5978.611454,Upper middle income
TJK,Tajikistan,925,2016,802.5180041,Low income
TKM,Turkmenistan,377,2016,6389.548408,Upper middle income
TLS,Timor-Leste,22,2016,1358.201692,Lower middle income
TON,Tonga,27,2016,3966.15652,Upper middle income
TTO,Trinidad and Tobago,295,2016,16176.94737,High income
TUN,Tunisia,1700,2016,3698.058504,Lower middle income
TUR,Turkey,57925,2016,10820.63384,Upper middle income
TZA,United Rep. of Tanzania,594,2016,966.4746224,Low income
UGA,Uganda,6233,2016,608.7057351,Low income
UKR,Ukraine,239075,2016,2187.731997,Lower middle income
URY,Uruguay,27,2016,15387.14403,High income
USA,United States of America,310,2016,57927.51685,High income
UZB,Uzbekistan,3836,2016,2567.799207,Lower middle income
VCT,Saint Vincent and the Grenadines,1333,2016,7075.06582,Upper middle income
VNM,Viet Nam,329351,2016,2192.214539,Lower middle income
VUT,Vanuatu,2,2016,2889.853036,Lower middle income
YEM,Yemen,18452,2016,1139.870568,Low income
ZAF,South Africa,450,2016,5272.918425,Upper middle income
ZMB,Zambia,265,2016,1280.578447,Lower middle income
ZWE,Zimbabwe,18156,2016,1464.583529,Lower middle income